p_promo_sk,p_promo_id,p_start_date_sk,p_end_date_sk,p_item_sk,p_cost,p_response_target,p_promo_name,p_channel_dmail,p_channel_email,p_channel_catalog,p_channel_tv,p_channel_radio,p_channel_press,p_channel_event,p_channel_demo,p_channel_details,p_purpose,p_discount_active
1,AAAAAAAABAAAAAAA,2450164,2450185,10022,1000.00,1,ought,Y,N,N,N,N,N,N,N,"Men will not say merely. Old, available ",Unknown,N
2,AAAAAAAACAAAAAAA,2450118,2450150,2410,1000.00,1,able,Y,N,N,N,N,N,N,N,Keen ways speak measurements. Futur,Unknown,N
3,AAAAAAAADAAAAAAA,2450675,2450712,10843,1000.00,1,pri,Y,N,N,N,N,N,N,N,"At all rich attempts achieve possible, certain mat",Unknown,N
4,AAAAAAAAEAAAAAAA,2450633,2450646,9794,1000.00,1,ese,N,N,N,N,N,N,N,N,"Royal, available groups might lose ",Unknown,N
5,AAAAAAAAFAAAAAAA,2450347,2450357,6655,1000.00,1,anti,N,N,N,N,N,N,N,N,"Clothes channel diplomatic, other women. Selecti",Unknown,N
6,AAAAAAAAGAAAAAAA,2450516,2450561,9464,1000.00,1,cally,N,N,N,N,N,N,N,N,"Large, light states used to see. Chemical pieces would g",Unknown,N
7,AAAAAAAAHAAAAAAA,2450123,2450132,14527,1000.00,1,ation,N,N,N,N,N,N,N,N,"Principles go final, classical consumers; civil, final legs ",Unknown,N
8,AAAAAAAAIAAAAAAA,2450350,2450409,304,1000.00,1,eing,Y,N,N,N,N,N,N,N,Numerous women could not increase so ,Unknown,N
9,AAAAAAAAJAAAAAAA,2450192,2450248,3439,1000.00,1,n st,Y,N,N,N,N,N,N,N,Angry years might not see narrowly dail,Unknown,N
10,AAAAAAAAKAAAAAAA,2450324,2450365,3314,1000.00,1,bar,N,N,N,N,N,N,N,N,Precisely simple mana,Unknown,N
11,AAAAAAAALAAAAAAA,,,,1000.00,,ought,,,,,N,,N,N,"Whole, particular women",Unknown,N
12,AAAAAAAAMAAAAAAA,2450153,2450169,6688,1000.00,1,able,N,N,N,N,N,N,N,N,"National, quick miles go significant males. Pl",Unknown,N
13,AAAAAAAANAAAAAAA,2450316,2450365,11354,1000.00,1,pri,N,N,N,N,N,N,N,N,Human reforms extend only growing,Unknown,N
14,AAAAAAAAOAAAAAAA,2450236,2450282,14480,1000.00,1,ese,N,N,N,N,N,N,N,N,"Significant, short consequences give more really o",Unknown,N
15,AAAAAAAAPAAAAAAA,,,,1000.00,,anti,Y,,N,N,,N,N,N,Social sections increase of course me,Unknown,N
16,AAAAAAAAABAAAAAA,2450342,2450351,11899,1000.00,1,cally,Y,N,N,N,N,N,N,N,Lives would get before a candidates. Always emotion,Unknown,N
17,AAAAAAAABBAAAAAA,2450360,2450406,15529,1000.00,1,ation,Y,N,N,N,N,N,N,N,Dollars pay too need,Unknown,N
18,AAAAAAAACBAAAAAA,2450581,2450592,8599,1000.00,1,eing,Y,N,N,N,N,N,N,N,Provisions choose. Matters update also. Legal,Unknown,N
19,AAAAAAAADBAAAAAA,2450623,2450640,5185,1000.00,1,n st,N,N,N,N,N,N,N,N,Long urban newspapers use to a eyeb,Unknown,N
20,AAAAAAAAEBAAAAAA,2450531,2450545,17860,1000.00,1,bar,Y,N,N,N,N,N,N,N,About final properties receive. Ach,Unknown,N
21,AAAAAAAAFBAAAAAA,2450895,2450904,3632,1000.00,1,ought,N,N,N,N,N,N,N,N,Other songs may become. Jud,Unknown,N
22,AAAAAAAAGBAAAAAA,2450596,2450629,8044,1000.00,1,able,Y,N,N,N,N,N,N,N,Around financial feelings may,Unknown,N
23,AAAAAAAAHBAAAAAA,2450478,2450493,4321,1000.00,1,pri,N,N,N,N,N,N,N,N,"Worthwhile police must not see british, inte",Unknown,N
24,AAAAAAAAIBAAAAAA,2450719,2450773,12004,1000.00,1,ese,Y,N,N,N,N,N,N,N,"Victorian, scottish performances manage ever public positi",Unknown,N
25,AAAAAAAAJBAAAAAA,2450757,2450780,16328,1000.00,1,anti,Y,N,N,N,N,N,N,N,"Very, unusual connections fall",Unknown,N
26,AAAAAAAAKBAAAAAA,2450528,2450545,8600,1000.00,1,cally,N,N,N,N,N,N,N,N,Fit doubts ought to attack ver,Unknown,N
27,AAAAAAAALBAAAAAA,2450849,2450879,15421,1000.00,1,ation,Y,N,N,N,N,N,N,N,Together young records would catch probably comprehens,Unknown,N
28,AAAAAAAAMBAAAAAA,2450816,2450856,1885,,1,,N,N,N,N,N,,N,N,"Essential, valid institutions lead. Due, young",Unknown,
29,AAAAAAAANBAAAAAA,2450696,2450732,14660,1000.00,1,n st,Y,N,N,N,N,N,N,N,Pleased powers must note. American areas bec,Unknown,N
30,AAAAAAAAOBAAAAAA,2450718,2450762,10987,1000.00,1,bar,N,N,N,N,N,N,N,N,Normal plans put plates; about irish feature,Unknown,N
31,AAAAAAAAPBAAAAAA,2450848,2450880,11990,1000.00,1,ought,Y,N,N,N,N,N,N,N,Activities would not convince o,Unknown,N
32,AAAAAAAAACAAAAAA,2450132,2450178,4184,1000.00,1,able,Y,N,N,N,N,N,N,N,Shallow changes cannot show increasing children. Common sho,Unknown,N
33,AAAAAAAABCAAAAAA,2450483,2450485,9607,1000.00,1,pri,N,N,N,N,N,N,N,N,Aside particular games remember most as a figures.,Unknown,N
34,AAAAAAAACCAAAAAA,2450584,2450610,1652,1000.00,1,ese,N,N,N,N,N,N,N,N,Difficulties could speak la,Unknown,N
35,AAAAAAAADCAAAAAA,2450890,2450912,15751,1000.00,1,anti,Y,N,N,N,N,N,N,N,Previous police might fi,Unknown,N
36,AAAAAAAAECAAAAAA,2450577,2450605,1418,1000.00,1,cally,N,N,N,N,N,N,N,N,Then opposite proceedings receive above in a servants.,Unknown,N
37,AAAAAAAAFCAAAAAA,2450609,2450669,4202,1000.00,1,ation,Y,N,N,N,N,N,N,N,"Enormous, obvious deputies cannot cr",Unknown,N
38,AAAAAAAAGCAAAAAA,2450542,2450593,4222,1000.00,1,eing,Y,N,N,N,N,N,N,N,Completely weak standards put as a workers. Res,Unknown,N
39,AAAAAAAAHCAAAAAA,2450575,2450580,14990,1000.00,1,n st,N,N,N,N,N,N,N,N,Away following depths conclude ever out of a member,Unknown,N
40,AAAAAAAAICAAAAAA,2450125,2450158,17209,1000.00,1,bar,N,N,N,N,N,N,N,N,"Likely, conventional gaps must arrange distinct improve",Unknown,N
41,AAAAAAAAJCAAAAAA,2450694,2450719,17384,1000.00,1,ought,Y,N,N,N,N,N,N,N,"Guilty, american operators tackle unable boar",Unknown,N
42,AAAAAAAAKCAAAAAA,2450320,2450334,4166,1000.00,1,able,Y,N,N,N,N,N,N,N,"Ready hopes stop usually other, high responsibilities. Nec",Unknown,N
43,AAAAAAAALCAAAAAA,2450704,2450738,10000,1000.00,1,pri,N,N,N,N,N,N,N,N,"Estimated, single flowers cancel much very warm powers; h",Unknown,N
44,AAAAAAAAMCAAAAAA,2450469,2450481,14440,1000.00,1,ese,N,N,N,N,N,N,N,N,"Great, financial workers speak here de",Unknown,N
45,AAAAAAAANCAAAAAA,2450327,2450360,5660,1000.00,1,anti,N,N,N,N,N,N,N,N,"General, star names mig",Unknown,N
46,AAAAAAAAOCAAAAAA,2450776,2450828,3271,1000.00,1,cally,Y,N,N,N,N,N,N,N,Areas could not afford,Unknown,N
47,AAAAAAAAPCAAAAAA,2450196,2450200,5689,1000.00,1,ation,N,N,N,N,N,N,N,N,"Underlying, efficient products see at last to the b",Unknown,N
48,AAAAAAAAADAAAAAA,2450783,2450807,3955,1000.00,1,eing,N,N,N,N,N,N,N,N,Wrong members shall look at least a,Unknown,N
49,AAAAAAAABDAAAAAA,2450254,2450289,16123,1000.00,1,n st,N,N,N,N,N,N,N,N,Social cattle may not close ,Unknown,N
50,AAAAAAAACDAAAAAA,2450799,2450806,8722,1000.00,1,bar,Y,N,N,N,N,N,N,N,"However new terms spoil over average, available ",Unknown,N
51,AAAAAAAADDAAAAAA,2450401,2450438,11288,1000.00,1,ought,Y,N,N,N,N,N,N,N,Then superb acts try quic,Unknown,N
52,AAAAAAAAEDAAAAAA,2450272,2450320,3280,1000.00,1,able,Y,N,N,N,N,N,N,N,Sides see simply social services. Other tiles qualify awkwa,Unknown,N
53,AAAAAAAAFDAAAAAA,2450794,2450798,13370,1000.00,1,pri,N,N,N,N,N,N,N,N,"Interested, white ideas might say ",Unknown,N
54,AAAAAAAAGDAAAAAA,2450687,2450702,17707,1000.00,1,ese,N,N,N,N,N,N,N,N,Companies used to think from the members; high substances p,Unknown,N
55,AAAAAAAAHDAAAAAA,2450622,2450677,12104,1000.00,1,anti,N,N,N,N,N,N,N,N,Often total employers shall not get almost; remarks,Unknown,N
56,AAAAAAAAIDAAAAAA,2450838,2450888,17563,1000.00,1,cally,Y,N,N,N,N,N,N,N,"Delightful, internationa",Unknown,N
57,AAAAAAAAJDAAAAAA,2450834,2450842,12247,1000.00,1,ation,Y,N,N,N,N,N,N,N,"Future, conservative nerves die here",Unknown,N
58,AAAAAAAAKDAAAAAA,,2450797,12404,1000.00,,eing,Y,N,N,N,,N,,,,,
59,AAAAAAAALDAAAAAA,2450273,2450322,5102,1000.00,1,n st,N,N,N,N,N,N,N,N,Experiments shore be,Unknown,N
60,AAAAAAAAMDAAAAAA,2450646,2450676,12076,1000.00,1,bar,Y,N,N,N,N,N,N,N,That small forces feel already ar,Unknown,N
61,AAAAAAAANDAAAAAA,2450619,2450667,14864,1000.00,1,ought,Y,N,N,N,N,N,N,N,"Overall, slight examples might guess only home ",Unknown,N
62,AAAAAAAAODAAAAAA,2450296,2450342,356,1000.00,1,able,Y,N,N,N,N,N,N,N,Therefore controversial,Unknown,N
63,AAAAAAAAPDAAAAAA,2450248,2450295,3715,1000.00,1,pri,Y,N,N,N,N,N,N,N,"Decisions used to learn human, advanced years. Square cel",Unknown,N
64,AAAAAAAAAEAAAAAA,2450498,2450519,1867,1000.00,1,ese,N,N,N,N,N,N,N,N,Earlier british claims m,Unknown,N
65,AAAAAAAABEAAAAAA,2450775,2450816,3740,1000.00,1,anti,Y,N,N,N,N,N,N,N,Further main banks wou,Unknown,N
66,AAAAAAAACEAAAAAA,2450486,2450504,4886,1000.00,1,cally,Y,N,N,N,N,N,N,N,Trees could react at all democratic fields. Once ,Unknown,N
67,AAAAAAAADEAAAAAA,2450262,2450314,6724,1000.00,1,ation,Y,N,N,N,N,N,N,N,"Practical, national cases imply longer mostly sic",Unknown,N
68,AAAAAAAAEEAAAAAA,2450851,2450893,1210,1000.00,1,eing,Y,N,N,N,N,N,N,N,Sometimes white others win adversely democ,Unknown,N
69,AAAAAAAAFEAAAAAA,2450202,2450219,7471,1000.00,1,n st,N,N,N,N,N,N,N,N,"Chief, successful men could not know; ",Unknown,N
70,AAAAAAAAGEAAAAAA,2450679,2450735,3571,1000.00,1,bar,Y,N,N,N,N,N,N,N,Yet middle parents use on the criticisms. Separate,Unknown,N
71,AAAAAAAAHEAAAAAA,2450347,,,,,,Y,,N,,N,N,N,N,"Southern, real countries used to behave. Al",,
72,AAAAAAAAIEAAAAAA,2450347,2450373,6662,1000.00,1,able,N,N,N,N,N,N,N,N,"Small, partial agents would get in a signs. Fingers keep obv",Unknown,N
73,AAAAAAAAJEAAAAAA,2450578,2450637,9032,1000.00,1,pri,Y,N,N,N,N,N,N,N,"Long days speak in the points. Chief, souther",Unknown,N
74,AAAAAAAAKEAAAAAA,2450425,2450456,13904,1000.00,1,ese,N,N,N,N,N,N,N,N,"Assistant, commercial ",Unknown,N
75,AAAAAAAALEAAAAAA,2450241,2450257,7630,1000.00,1,anti,Y,N,N,N,N,N,N,N,"National, comfortable pages will keep also ",Unknown,N
76,AAAAAAAAMEAAAAAA,2450363,2450381,295,1000.00,1,cally,Y,N,N,N,N,N,N,N,"Clubs think natural days. Fresh, usef",Unknown,N
77,AAAAAAAANEAAAAAA,2450711,2450736,3343,1000.00,1,ation,Y,N,N,N,N,N,N,N,Other children force. ,Unknown,N
78,AAAAAAAAOEAAAAAA,2450454,2450513,5356,1000.00,1,eing,Y,N,N,N,N,N,N,N,Only foreign gains introduce directors,Unknown,N
79,AAAAAAAAPEAAAAAA,2450474,2450497,3736,1000.00,1,n st,N,N,N,N,N,N,N,N,High lakes used to deal still. Well c,Unknown,N
80,AAAAAAAAAFAAAAAA,2450891,2450910,4148,1000.00,1,bar,N,N,N,N,N,N,N,N,"Experienced, main demands may confide abiliti",Unknown,N
81,AAAAAAAABFAAAAAA,2450235,2450283,4010,1000.00,1,ought,N,N,N,N,N,N,N,N,"Specific, separate facts go for example responsibl",Unknown,N
82,AAAAAAAACFAAAAAA,2450685,2450718,12373,1000.00,1,able,Y,N,N,N,N,N,N,N,"Full, conventional threa",Unknown,N
83,AAAAAAAADFAAAAAA,2450175,2450235,10738,1000.00,1,pri,N,N,N,N,N,N,N,N,As well full papers use as well clearly true ,Unknown,N
84,AAAAAAAAEFAAAAAA,2450900,2450954,16621,1000.00,1,ese,Y,N,N,N,N,N,N,N,Australian managers must talk more happy pieces. Controve,Unknown,N
85,AAAAAAAAFFAAAAAA,2450696,2450706,16894,1000.00,1,anti,Y,N,N,N,N,N,N,N,"International, european offices must turn equal, new ho",Unknown,N
86,AAAAAAAAGFAAAAAA,2450745,2450787,11761,1000.00,1,cally,Y,N,N,N,N,N,N,N,"There recent things cannot define more old, early proj",Unknown,N
87,AAAAAAAAHFAAAAAA,2450712,2450730,16600,1000.00,1,ation,N,N,N,N,N,N,N,N,However white units must hesitat,Unknown,N
88,AAAAAAAAIFAAAAAA,2450102,2450151,12728,1000.00,1,eing,N,N,N,N,N,N,N,N,Original animals ought to know also ,Unknown,N
89,AAAAAAAAJFAAAAAA,2450649,2450658,8566,1000.00,1,n st,Y,N,N,N,N,N,N,N,"Sons pursue for example right boats. Public, em",Unknown,N
90,AAAAAAAAKFAAAAAA,2450587,2450615,8527,1000.00,1,bar,Y,N,N,N,N,N,N,N,Recently german securities find ago. Toge,Unknown,N
91,AAAAAAAALFAAAAAA,2450723,2450742,2326,1000.00,1,ought,Y,N,N,N,N,N,N,N,Popular results shall,Unknown,N
92,AAAAAAAAMFAAAAAA,2450737,2450748,13580,1000.00,1,able,N,N,N,N,N,N,N,N,"Teenage, improved characteristics will",Unknown,N
93,AAAAAAAANFAAAAAA,2450125,2450154,4790,1000.00,1,pri,Y,N,N,N,N,N,N,N,"Military, public weap",Unknown,N
94,AAAAAAAAOFAAAAAA,2450567,2450598,28,1000.00,1,ese,N,N,N,N,N,N,N,N,Continuous states might en,Unknown,N
95,AAAAAAAAPFAAAAAA,2450370,2450397,199,1000.00,1,anti,N,N,N,N,N,N,N,N,More raw teachers us,Unknown,N
96,AAAAAAAAAGAAAAAA,2450710,2450752,16226,1000.00,1,cally,Y,N,N,N,N,N,N,N,Feelings draw now electronic regulations. Usu,Unknown,N
97,AAAAAAAABGAAAAAA,2450660,2450685,16952,1000.00,1,ation,Y,N,N,N,N,N,N,N,Members mean deeply much bad honours. Large measu,Unknown,N
98,AAAAAAAACGAAAAAA,2450384,2450387,10414,1000.00,1,eing,Y,N,N,N,N,N,N,N,Other questions must not raise on a authorities. Bloody,Unknown,N
99,AAAAAAAADGAAAAAA,2450742,2450799,7544,1000.00,1,n st,Y,N,N,N,N,N,N,N,"Prime, grim members will not mean; cards would tell long fi",Unknown,N
100,AAAAAAAAEGAAAAAA,2450508,2450562,10645,1000.00,1,bar,N,N,N,N,N,N,N,N,"Basic, significant groups ",Unknown,N
101,AAAAAAAAFGAAAAAA,,2450811,,,,,,N,N,,,,N,N,"Little, old prices use well in ",Unknown,N
102,AAAAAAAAGGAAAAAA,2450608,2450614,9614,1000.00,1,able,Y,N,N,N,N,N,N,N,Before essential facts should not give all,Unknown,N
103,AAAAAAAAHGAAAAAA,2450499,2450525,12688,1000.00,1,pri,N,N,N,N,N,N,N,N,Legs want; especially black terms rais,Unknown,N
104,AAAAAAAAIGAAAAAA,2450276,2450293,2461,1000.00,1,ese,N,N,N,N,N,N,N,N,Already boring volunteers may not ass,Unknown,N
105,AAAAAAAAJGAAAAAA,2450873,2450912,14182,1000.00,1,anti,Y,N,N,N,N,N,N,N,Particular metres trust conte,Unknown,N
106,AAAAAAAAKGAAAAAA,2450858,2450872,3754,1000.00,1,cally,N,N,N,N,N,N,N,N,Facilities delay. Certain ingredients put h,Unknown,N
107,AAAAAAAALGAAAAAA,2450749,2450758,10574,1000.00,1,ation,Y,N,N,N,N,N,N,N,Rather serious parents may bring a,Unknown,N
108,AAAAAAAAMGAAAAAA,2450224,2450257,274,1000.00,1,eing,Y,N,N,N,N,N,N,N,Sexual children produce then lar,Unknown,N
109,AAAAAAAANGAAAAAA,2450455,2450467,8302,1000.00,1,n st,Y,N,N,N,N,N,N,N,Images get yet just differen,Unknown,N
110,AAAAAAAAOGAAAAAA,2450852,2450905,15568,1000.00,1,bar,N,N,N,N,N,N,N,N,Academic centres send. Never irish neighbours ought to die,Unknown,N
111,AAAAAAAAPGAAAAAA,2450758,2450816,2462,1000.00,1,ought,Y,N,N,N,N,N,N,N,Dates may not eat once. Very close police,Unknown,N
112,AAAAAAAAAHAAAAAA,2450870,2450916,7640,1000.00,1,able,N,N,N,N,N,N,N,N,"Military, major futur",Unknown,N
113,AAAAAAAABHAAAAAA,2450226,2450276,13916,1000.00,1,pri,Y,N,N,N,N,N,N,N,Techniques must find financial projects.,Unknown,N
114,AAAAAAAACHAAAAAA,2450687,2450720,13507,1000.00,1,ese,N,N,N,N,N,N,N,N,"Already limited images cannot go related, private",Unknown,N
115,AAAAAAAADHAAAAAA,2450727,2450751,15002,1000.00,1,anti,N,N,N,N,N,N,N,N,Typically minor chemicals may launch p,Unknown,N
116,AAAAAAAAEHAAAAAA,2450352,2450361,9187,1000.00,1,cally,N,N,N,N,N,N,N,N,Rich members enable at all helpful times; also po,Unknown,N
117,AAAAAAAAFHAAAAAA,2450285,2450308,8854,1000.00,1,ation,Y,N,N,N,N,N,N,N,Then strong years sustain most rece,Unknown,N
118,AAAAAAAAGHAAAAAA,2450460,2450471,7183,1000.00,1,eing,N,N,N,N,N,N,N,N,Other men cannot reap as by the ways. Allowances shall,Unknown,N
119,AAAAAAAAHHAAAAAA,2450224,2450236,13903,1000.00,1,n st,Y,N,N,N,N,N,N,N,"New, old voices might ",Unknown,N
120,AAAAAAAAIHAAAAAA,2450302,2450341,5578,1000.00,1,bar,N,N,N,N,N,N,N,N,Still soviet prospects cope at,Unknown,N
121,AAAAAAAAJHAAAAAA,2450752,2450769,1648,1000.00,1,ought,N,N,N,N,N,N,N,N,Different directors buy scottish,Unknown,N
122,AAAAAAAAKHAAAAAA,2450422,2450452,6778,1000.00,1,able,Y,N,N,N,N,N,N,N,"Little drivers let there italian, go",Unknown,N
123,AAAAAAAALHAAAAAA,2450628,2450673,2132,1000.00,1,pri,N,N,N,N,N,N,N,N,"General, dangerous insects would not suggest with a",Unknown,N
124,AAAAAAAAMHAAAAAA,2450517,2450565,7051,1000.00,1,ese,Y,N,N,N,N,N,N,N,Also long fears might not observe particula,Unknown,N
125,AAAAAAAANHAAAAAA,2450704,2450719,6439,1000.00,1,anti,N,N,N,N,N,N,N,N,"More popular colours find nearly notable, hard expressions",Unknown,N
126,AAAAAAAAOHAAAAAA,2450840,2450852,7039,1000.00,1,cally,Y,N,N,N,N,N,N,N,"Environmental, reluctant developments continue t",Unknown,N
127,AAAAAAAAPHAAAAAA,2450802,2450836,13510,1000.00,1,ation,N,N,N,N,N,N,N,N,Ways could not use ver,Unknown,N
128,AAAAAAAAAIAAAAAA,2450373,2450398,9080,1000.00,1,eing,N,N,N,N,N,N,N,N,"Quite likely rates include. British, free hous",Unknown,N
129,AAAAAAAABIAAAAAA,2450357,2450373,614,1000.00,1,n st,Y,N,N,N,N,N,N,N,Desirable children ought to look onto the find,Unknown,N
130,AAAAAAAACIAAAAAA,2450219,2450236,13598,1000.00,1,bar,Y,N,N,N,N,N,N,N,"Required, big winners wait somehow to the standards. Orig",Unknown,N
131,AAAAAAAADIAAAAAA,2450305,2450313,3793,1000.00,1,ought,Y,N,N,N,N,N,N,N,Other roads can know ,Unknown,N
132,AAAAAAAAEIAAAAAA,2450231,2450240,4219,1000.00,1,able,N,N,N,N,N,N,N,N,Following duties shou,Unknown,N
133,AAAAAAAAFIAAAAAA,2450587,2450593,854,1000.00,1,pri,Y,N,N,N,N,N,N,N,Further marginal skills may h,Unknown,N
134,AAAAAAAAGIAAAAAA,2450479,2450501,10922,1000.00,1,ese,N,N,N,N,N,N,N,N,Soviet rights place therefore good years. Previous,Unknown,N
135,AAAAAAAAHIAAAAAA,2450607,2450624,9748,1000.00,1,anti,N,N,N,N,N,N,N,N,"Brothers may not pick as practical sources; powerful, sl",Unknown,N
136,AAAAAAAAIIAAAAAA,2450701,2450710,13849,1000.00,1,cally,N,N,N,N,N,N,N,N,Specially tiny muscles might ,Unknown,N
137,AAAAAAAAJIAAAAAA,2450123,2450177,15872,1000.00,1,ation,N,N,N,N,N,N,N,N,Forthcoming businesses might develop from a layers.,Unknown,N
138,AAAAAAAAKIAAAAAA,2450758,2450760,12814,1000.00,1,eing,Y,N,N,N,N,N,N,N,"Small languages should make well. Coastal, solid are",Unknown,N
139,AAAAAAAALIAAAAAA,2450365,2450383,5882,1000.00,1,n st,N,N,N,N,N,N,N,N,Teachers provide regardless dead rel,Unknown,N
140,AAAAAAAAMIAAAAAA,2450655,2450708,12968,1000.00,1,bar,N,N,N,N,N,N,N,N,Institutions used to re,Unknown,N
141,AAAAAAAANIAAAAAA,2450301,2450353,13100,1000.00,1,ought,Y,N,N,N,N,N,N,N,Yesterday ltd. levels should rec,Unknown,N
142,AAAAAAAAOIAAAAAA,2450358,2450385,12956,1000.00,1,able,Y,N,N,N,N,N,N,N,"Careful, recent wishes would help ",Unknown,N
143,AAAAAAAAPIAAAAAA,2450828,2450854,13006,1000.00,1,pri,N,N,N,N,N,N,N,N,Furthermore relevant officers propose signifi,Unknown,N
144,AAAAAAAAAJAAAAAA,2450780,2450830,15688,1000.00,1,ese,N,N,N,N,N,N,N,N,Red forces could blind. Ears used to con,Unknown,N
145,AAAAAAAABJAAAAAA,2450715,2450756,10406,1000.00,1,anti,N,N,N,N,N,N,N,N,Later very categories must not ask comp,Unknown,N
146,AAAAAAAACJAAAAAA,2450200,2450236,8119,1000.00,1,cally,Y,N,N,N,N,N,N,N,General assets appreciate firmly at the functi,Unknown,N
147,AAAAAAAADJAAAAAA,2450767,2450827,15925,1000.00,1,ation,N,N,N,N,N,N,N,N,"Angry, human heads cannot alleviate too wishes. Tradition",Unknown,N
148,AAAAAAAAEJAAAAAA,2450291,2450345,11275,1000.00,1,eing,Y,N,N,N,N,N,N,N,Causal payments might not see,Unknown,N
149,AAAAAAAAFJAAAAAA,2450739,2450797,17719,1000.00,1,n st,Y,N,N,N,N,N,N,N,Young families act. Most full prizes avert eastern glasses,Unknown,N
150,AAAAAAAAGJAAAAAA,2450860,2450915,9578,1000.00,1,bar,Y,N,N,N,N,N,N,N,Further personal groups shall meet above alone years. Exp,Unknown,N
151,AAAAAAAAHJAAAAAA,2450707,2450751,4408,1000.00,1,ought,N,N,N,N,N,N,N,N,Strong floors would see. Small relationships co,Unknown,N
152,AAAAAAAAIJAAAAAA,2450564,2450573,2314,1000.00,1,able,N,N,N,N,N,N,N,N,Most vague benefits will no,Unknown,N
153,AAAAAAAAJJAAAAAA,2450712,2450725,16514,1000.00,1,pri,N,N,N,N,N,N,N,N,Funds might not make certain newspape,Unknown,N
154,AAAAAAAAKJAAAAAA,2450869,2450898,2674,1000.00,1,ese,Y,N,N,N,N,N,N,N,Direct recent plans can add elsewh,Unknown,N
155,AAAAAAAALJAAAAAA,2450409,2450419,202,1000.00,1,anti,N,N,N,N,N,N,N,N,Late increased arrangements c,Unknown,N
156,AAAAAAAAMJAAAAAA,2450681,2450732,7975,1000.00,1,cally,Y,N,N,N,N,N,N,N,Senior victims survive. Ne,Unknown,N
157,AAAAAAAANJAAAAAA,2450389,2450445,6079,1000.00,1,ation,Y,N,N,N,N,N,N,N,White members decide. Usually common courses fit,Unknown,N
158,AAAAAAAAOJAAAAAA,2450350,2450390,17863,1000.00,1,eing,N,N,N,N,N,N,N,N,Here necessary sides ,Unknown,N
159,AAAAAAAAPJAAAAAA,2450682,2450700,58,1000.00,1,n st,Y,N,N,N,N,N,N,N,"Insufficient, video-taped",Unknown,N
160,AAAAAAAAAKAAAAAA,2450583,2450642,13144,1000.00,1,bar,N,N,N,N,N,N,N,N,"Elderly, appropriate benefi",Unknown,N
161,AAAAAAAABKAAAAAA,2450900,2450955,680,1000.00,1,ought,Y,N,N,N,N,N,N,N,"Negative, national deaths mean badly other r",Unknown,N
162,AAAAAAAACKAAAAAA,2450532,2450557,11194,1000.00,1,able,N,N,N,N,N,N,N,N,Inner problems should not,Unknown,N
163,AAAAAAAADKAAAAAA,2450102,2450142,5038,1000.00,1,pri,Y,N,N,N,N,N,N,N,"Strong, alone shoulders should fee",Unknown,N
164,AAAAAAAAEKAAAAAA,2450423,2450453,17593,1000.00,1,ese,Y,N,N,N,N,N,N,N,"Material, public models used to think never. Dirty, w",Unknown,N
165,AAAAAAAAFKAAAAAA,2450854,2450894,3166,1000.00,1,anti,Y,N,N,N,N,N,N,N,Of course financial cells pr,Unknown,N
166,AAAAAAAAGKAAAAAA,2450365,2450383,6652,1000.00,1,cally,N,N,N,N,N,N,N,N,Social speeches would draw just fixed women. Standar,Unknown,N
167,AAAAAAAAHKAAAAAA,2450648,2450651,3922,1000.00,1,ation,Y,N,N,N,N,N,N,N,Automatically historic ,Unknown,N
168,AAAAAAAAIKAAAAAA,2450271,2450331,17422,1000.00,1,eing,N,N,N,N,N,N,N,N,"Problems must not explain about high, perfect objectives. M",Unknown,N
169,AAAAAAAAJKAAAAAA,2450716,2450774,1726,1000.00,1,n st,Y,N,N,N,N,N,N,N,"Joint, future organizations say so. As de",Unknown,N
170,AAAAAAAAKKAAAAAA,2450702,2450724,17498,1000.00,1,bar,Y,N,N,N,N,N,N,N,Details should not prove even primary objects; ful,Unknown,N
171,AAAAAAAALKAAAAAA,2450635,2450642,5383,1000.00,1,ought,N,N,N,N,N,N,N,N,Part-time indicators descr,Unknown,N
172,AAAAAAAAMKAAAAAA,2450735,2450785,10030,1000.00,1,able,Y,N,N,N,N,N,N,N,Large agencies defend to the miners. ,Unknown,N
173,AAAAAAAANKAAAAAA,2450172,2450199,12698,1000.00,1,pri,N,N,N,N,N,N,N,N,"Economic details could say bitter,",Unknown,N
174,AAAAAAAAOKAAAAAA,2450463,2450474,17428,1000.00,1,ese,Y,N,N,N,N,N,N,N,Positive stairs used to fall; nerves sue. Problems may eat ,Unknown,N
175,AAAAAAAAPKAAAAAA,2450675,2450704,6982,1000.00,1,anti,Y,N,N,N,N,N,N,N,Combined edges must ,Unknown,N
176,AAAAAAAAALAAAAAA,2450487,2450498,16496,1000.00,1,cally,N,N,N,N,N,N,N,N,"British, american classes could know so for a shares.",Unknown,N
177,AAAAAAAABLAAAAAA,2450729,2450733,4483,1000.00,1,ation,N,N,N,N,N,N,N,N,Otherwise able police shall n,Unknown,N
178,AAAAAAAACLAAAAAA,2450345,2450392,15134,1000.00,1,eing,Y,N,N,N,N,N,N,N,Churches could break by a samples. Public parents fin,Unknown,N
179,AAAAAAAADLAAAAAA,2450230,2450281,12496,1000.00,1,n st,Y,N,N,N,N,N,N,N,"Particular, important appointments read eve",Unknown,N
180,AAAAAAAAELAAAAAA,2450471,2450484,12517,1000.00,1,bar,Y,N,N,N,N,N,N,N,Points used to see no,Unknown,N
181,AAAAAAAAFLAAAAAA,2450649,2450673,11653,1000.00,1,ought,Y,N,N,N,N,N,N,N,"Considerable, cultural cards should widen main priv",Unknown,N
182,AAAAAAAAGLAAAAAA,2450703,2450731,2734,1000.00,1,able,Y,N,N,N,N,N,N,N,Still various members see,Unknown,N
183,AAAAAAAAHLAAAAAA,2450777,2450824,2420,1000.00,1,pri,N,N,N,N,N,N,N,N,Realistic events buy firmly due colours. Things lose ther,Unknown,N
184,AAAAAAAAILAAAAAA,2450241,2450300,12238,1000.00,1,ese,N,N,N,N,N,N,N,N,Other forces blame never broken conditions. Categor,Unknown,N
185,AAAAAAAAJLAAAAAA,2450688,2450702,15091,1000.00,1,anti,N,N,N,N,N,N,N,N,Now original tracks suppose merely,Unknown,N
186,AAAAAAAAKLAAAAAA,2450627,2450643,5512,1000.00,1,cally,N,N,N,N,N,N,N,N,Again other circumstances read very very posts; american co,Unknown,N
187,AAAAAAAALLAAAAAA,2450484,2450530,4798,1000.00,1,ation,Y,N,N,N,N,N,N,N,Good workshops will not get thin,Unknown,N
188,AAAAAAAAMLAAAAAA,2450385,2450413,14246,1000.00,1,eing,Y,N,N,N,N,N,N,N,"Royal terms start regulations; complete, other police",Unknown,N
189,AAAAAAAANLAAAAAA,2450420,2450456,12550,1000.00,1,n st,N,N,N,N,N,N,N,N,"Christian, technical day",Unknown,N
190,AAAAAAAAOLAAAAAA,2450512,2450563,15151,1000.00,1,bar,Y,N,N,N,N,N,N,N,Really estimated connections ought to vote too f,Unknown,N
191,AAAAAAAAPLAAAAAA,2450126,2450160,7993,1000.00,1,ought,Y,N,N,N,N,N,N,N,Unfortunately critical changes decide sometim,Unknown,N
192,AAAAAAAAAMAAAAAA,2450556,2450573,3026,1000.00,1,able,N,N,N,N,N,N,N,N,Wrong areas would determine. Democratic laws go however dra,Unknown,N
193,AAAAAAAABMAAAAAA,2450259,2450309,8780,1000.00,1,pri,Y,N,N,N,N,N,N,N,"Slowly widespread shoulders open only, to",Unknown,N
194,AAAAAAAACMAAAAAA,2450664,2450723,289,1000.00,1,ese,Y,N,N,N,N,N,N,N,Different attacks shall not set fo,Unknown,N
195,AAAAAAAADMAAAAAA,2450543,2450601,5167,1000.00,1,anti,N,N,N,N,N,N,N,N,Certainly easy police give as during a parents. Shal,Unknown,N
196,AAAAAAAAEMAAAAAA,2450315,,,,1,,Y,,,N,N,,,N,Careful aspects must consider as; backwards simple women,,
197,AAAAAAAAFMAAAAAA,2450299,,10550,,1,,,N,N,N,N,,,,,Unknown,
198,AAAAAAAAGMAAAAAA,2450617,2450670,15439,1000.00,1,eing,Y,N,N,N,N,N,N,N,"Separate elections doubt never irrelevant, important",Unknown,N
199,AAAAAAAAHMAAAAAA,2450772,2450825,8587,1000.00,1,n st,N,N,N,N,N,N,N,N,Commentators see. Outside months trust on,Unknown,N
200,AAAAAAAAIMAAAAAA,2450215,2450237,12784,1000.00,1,bar,N,N,N,N,N,N,N,N,"So full adults no. Current, classical ends get. M",Unknown,N
201,AAAAAAAAJMAAAAAA,2450464,2450499,3445,1000.00,1,ought,N,N,N,N,N,N,N,N,"True, defensive methods might clear at least again sudden",Unknown,N
202,AAAAAAAAKMAAAAAA,2450913,2450922,3883,1000.00,1,able,Y,N,N,N,N,N,N,N,"Methods cope primarily special, industrial eyes. H",Unknown,N
203,AAAAAAAALMAAAAAA,2450337,2450365,17569,1000.00,1,pri,Y,N,N,N,N,N,N,N,"Original, maximum shops accept things; perh",Unknown,N
204,AAAAAAAAMMAAAAAA,2450692,2450736,1564,1000.00,1,ese,Y,N,N,N,N,N,N,N,"Other rules support future, guilty cars; magazine",Unknown,N
205,AAAAAAAANMAAAAAA,2450133,2450160,9889,1000.00,1,anti,Y,N,N,N,N,N,N,N,Obvious habits know for exa,Unknown,N
206,AAAAAAAAOMAAAAAA,2450715,2450733,9829,1000.00,1,cally,Y,N,N,N,N,N,N,N,Miners honour sure at all str,Unknown,N
207,AAAAAAAAPMAAAAAA,2450699,2450704,4273,1000.00,1,ation,Y,N,N,N,N,N,N,N,"Patient, positive other",Unknown,N
208,AAAAAAAAANAAAAAA,2450420,2450464,5348,1000.00,1,eing,Y,N,N,N,N,N,N,N,Here silly cigarettes would buy hig,Unknown,N
209,AAAAAAAABNAAAAAA,2450563,2450580,3430,1000.00,1,n st,N,N,N,N,N,N,N,N,Again old dogs can please so wise extraordinary,Unknown,N
210,AAAAAAAACNAAAAAA,2450847,2450892,7411,1000.00,1,bar,Y,N,N,N,N,N,N,N,Areas eat brutally; detailed ties say services; sharp ,Unknown,N
211,AAAAAAAADNAAAAAA,2450646,2450649,7508,1000.00,1,ought,Y,N,N,N,N,N,N,N,"Other, other interpretations could ",Unknown,N
212,AAAAAAAAENAAAAAA,2450781,2450834,10768,1000.00,1,able,N,N,N,N,N,N,N,N,Eventually weak characteristics take here long cars. Groun,Unknown,N
213,AAAAAAAAFNAAAAAA,2450403,2450415,6350,1000.00,1,pri,Y,N,N,N,N,N,N,N,"Existing, right jobs shall like for ex",Unknown,N
214,AAAAAAAAGNAAAAAA,,2450779,,1000.00,,,N,,,,,,N,N,"Public, relevant sources will block ill again lat",Unknown,N
215,AAAAAAAAHNAAAAAA,2450235,2450252,5840,1000.00,1,anti,Y,N,N,N,N,N,N,N,"Nearly young bodies build international, ",Unknown,N
216,AAAAAAAAINAAAAAA,2450885,2450898,13504,1000.00,1,cally,N,N,N,N,N,N,N,N,"Cultural, financial causes would react ",Unknown,N
217,AAAAAAAAJNAAAAAA,2450265,2450316,466,1000.00,1,ation,N,N,N,N,N,N,N,N,"Valid, annual holes touch. Old policies get ",Unknown,N
218,AAAAAAAAKNAAAAAA,2450443,2450490,17338,1000.00,1,eing,N,N,N,N,N,N,N,N,Just working scenes wou,Unknown,N
219,AAAAAAAALNAAAAAA,2450821,2450859,12662,1000.00,1,n st,N,N,N,N,N,N,N,N,High potatoes see particularly liberal males.,Unknown,N
220,AAAAAAAAMNAAAAAA,2450857,2450907,17108,1000.00,1,bar,N,N,N,N,N,N,N,N,Products may not cost more male ,Unknown,N
221,AAAAAAAANNAAAAAA,2450134,2450182,2863,1000.00,1,ought,N,N,N,N,N,N,N,N,Often complete pieces must not make costs; american tee,Unknown,N
222,AAAAAAAAONAAAAAA,2450336,2450378,122,1000.00,1,able,Y,N,N,N,N,N,N,N,"Popular, recent changes could get indeed past mi",Unknown,N
223,AAAAAAAAPNAAAAAA,2450671,2450721,11452,1000.00,1,pri,N,N,N,N,N,N,N,N,Policies might increase away over glorious rates. Inher,Unknown,N
224,AAAAAAAAAOAAAAAA,2450135,2450140,13534,1000.00,1,ese,Y,N,N,N,N,N,N,N,Apart consistent problems may carry the,Unknown,N
225,AAAAAAAABOAAAAAA,,2450434,6514,1000.00,,anti,,N,,,,N,,,Later superb demands come of course sign,,
226,AAAAAAAACOAAAAAA,2450436,2450468,2848,1000.00,1,cally,N,N,N,N,N,N,N,N,"Also special columns claim more. National, huma",Unknown,N
227,AAAAAAAADOAAAAAA,2450751,2450794,3697,1000.00,1,ation,N,N,N,N,N,N,N,N,"Complete, theoretical ",Unknown,N
228,AAAAAAAAEOAAAAAA,2450337,2450354,11678,1000.00,1,eing,Y,N,N,N,N,N,N,N,Severe sales know radically previously serious inc,Unknown,N
229,AAAAAAAAFOAAAAAA,2450146,2450188,10486,1000.00,1,n st,N,N,N,N,N,N,N,N,Most white techniques give all the same t,Unknown,N
230,AAAAAAAAGOAAAAAA,2450741,2450758,17480,1000.00,1,bar,Y,N,N,N,N,N,N,N,Also young traditions check,Unknown,N
231,AAAAAAAAHOAAAAAA,2450177,2450186,13843,1000.00,1,ought,Y,N,N,N,N,N,N,N,"New, italian advantages bring so from an t",Unknown,N
232,AAAAAAAAIOAAAAAA,2450769,2450822,15055,1000.00,1,able,N,N,N,N,N,N,N,N,Rather political ide,Unknown,N
233,AAAAAAAAJOAAAAAA,2450318,2450369,1094,1000.00,1,pri,Y,N,N,N,N,N,N,N,"Women should lead then by a campaigns. Direct, complete ",Unknown,N
234,AAAAAAAAKOAAAAAA,2450299,2450354,15476,1000.00,1,ese,Y,N,N,N,N,N,N,N,Bitterly tight unions may demonstrate as; finan,Unknown,N
235,AAAAAAAALOAAAAAA,2450877,2450918,4910,1000.00,1,anti,Y,N,N,N,N,N,N,N,Buildings provide flowers,Unknown,N
236,AAAAAAAAMOAAAAAA,2450438,2450468,8095,1000.00,1,cally,N,N,N,N,N,N,N,N,"Separate points trade domestic, likely properties; iris",Unknown,N
237,AAAAAAAANOAAAAAA,2450731,2450791,6722,1000.00,1,ation,Y,N,N,N,N,N,N,N,"Interested, special moves go even so successf",Unknown,N
238,AAAAAAAAOOAAAAAA,2450498,2450510,10280,1000.00,1,eing,N,N,N,N,N,N,N,N,"Crucial, other products cannot master in",Unknown,N
239,AAAAAAAAPOAAAAAA,2450627,2450680,17362,1000.00,1,n st,Y,N,N,N,N,N,N,N,Associations would not me,Unknown,N
240,AAAAAAAAAPAAAAAA,2450764,2450815,4874,1000.00,1,bar,Y,N,N,N,N,N,N,N,Children will explain unduly ,Unknown,N
241,AAAAAAAABPAAAAAA,2450580,2450596,3916,1000.00,1,ought,N,N,N,N,N,N,N,N,"Entire, great factors ack",Unknown,N
242,AAAAAAAACPAAAAAA,2450393,2450396,5467,1000.00,1,able,Y,N,N,N,N,N,N,N,For example sad foreigners could ,Unknown,N
243,AAAAAAAADPAAAAAA,2450809,2450865,1576,1000.00,1,pri,Y,N,N,N,N,N,N,N,"Extra, unlikely experiences live",Unknown,N
244,AAAAAAAAEPAAAAAA,2450536,2450583,11725,1000.00,1,ese,Y,N,N,N,N,N,N,N,Peasants will result dangerous affairs. Broad times ,Unknown,N
245,AAAAAAAAFPAAAAAA,2450578,2450621,16075,1000.00,1,anti,N,N,N,N,N,N,N,N,Experimentally long ,Unknown,N
246,AAAAAAAAGPAAAAAA,2450452,2450463,13315,1000.00,1,cally,Y,N,N,N,N,N,N,N,"Disastrous, complex cars under",Unknown,N
247,AAAAAAAAHPAAAAAA,2450100,2450145,12976,1000.00,1,ation,Y,N,N,N,N,N,N,N,So free authorities share even p,Unknown,N
248,AAAAAAAAIPAAAAAA,2450824,2450853,12451,1000.00,1,eing,N,N,N,N,N,N,N,N,Levels might not comm,Unknown,N
249,AAAAAAAAJPAAAAAA,2450467,2450523,4195,1000.00,1,n st,Y,N,N,N,N,N,N,N,Likely carers close.,Unknown,N
250,AAAAAAAAKPAAAAAA,2450606,,,,1,,,N,N,,,,N,N,Interactions ought to help usual parent,Unknown,
251,AAAAAAAALPAAAAAA,2450150,2450181,9187,1000.00,1,ought,N,N,N,N,N,N,N,N,Tall practices must not get ,Unknown,N
252,AAAAAAAAMPAAAAAA,2450290,2450319,1292,1000.00,1,able,N,N,N,N,N,N,N,N,Free systems borrow provisio,Unknown,N
253,AAAAAAAANPAAAAAA,2450337,2450364,13351,1000.00,1,pri,Y,N,N,N,N,N,N,N,"Special, ambitious days stay. Global,",Unknown,N
254,AAAAAAAAOPAAAAAA,2450673,2450717,11371,1000.00,1,ese,Y,N,N,N,N,N,N,N,More male adults would launch on a matters,Unknown,N
255,AAAAAAAAPPAAAAAA,2450738,2450795,10129,1000.00,1,anti,N,N,N,N,N,N,N,N,"Sales call legal, complete months. D",Unknown,N
256,AAAAAAAAAABAAAAA,2450265,2450303,3058,1000.00,1,cally,N,N,N,N,N,N,N,N,Ever legal considerations cancel products. Only criti,Unknown,N
257,AAAAAAAABABAAAAA,2450789,2450821,8486,1000.00,1,ation,N,N,N,N,N,N,N,N,Political policies might take bad services. Va,Unknown,N
258,AAAAAAAACABAAAAA,2450687,2450732,16892,1000.00,1,eing,N,N,N,N,N,N,N,N,"Substantial companies suspend then alone, different acti",Unknown,N
259,AAAAAAAADABAAAAA,2450293,2450335,11440,1000.00,1,n st,Y,N,N,N,N,N,N,N,Very alone assessments breathe too new sheets. Even bril,Unknown,N
260,AAAAAAAAEABAAAAA,2450430,2450485,13129,1000.00,1,bar,Y,N,N,N,N,N,N,N,Children might achieve; already necessary potatoe,Unknown,N
261,AAAAAAAAFABAAAAA,2450243,2450268,14677,1000.00,1,ought,N,N,N,N,N,N,N,N,Provisions secure excessive c,Unknown,N
262,AAAAAAAAGABAAAAA,2450849,2450868,2876,1000.00,1,able,N,N,N,N,N,N,N,N,"Possible, new units ca",Unknown,N
263,AAAAAAAAHABAAAAA,2450383,2450396,2116,1000.00,1,pri,Y,N,N,N,N,N,N,N,Different others must provide then in a guar,Unknown,N
264,AAAAAAAAIABAAAAA,2450311,2450352,16609,1000.00,1,ese,Y,N,N,N,N,N,N,N,"Victorian messages might not crumble producers. Scottish, re",Unknown,N
265,AAAAAAAAJABAAAAA,2450225,2450236,8414,1000.00,1,anti,Y,N,N,N,N,N,N,N,Still thin buildings raise advantages. Never real sa,Unknown,N
266,AAAAAAAAKABAAAAA,2450408,2450412,6524,1000.00,1,cally,N,N,N,N,N,N,N,N,"Detailed, weak members re",Unknown,N
267,AAAAAAAALABAAAAA,2450750,2450776,17926,1000.00,1,ation,Y,N,N,N,N,N,N,N,Other colours should,Unknown,N
268,AAAAAAAAMABAAAAA,2450424,2450445,7258,1000.00,1,eing,N,N,N,N,N,N,N,N,Stages blind initially. More current years w,Unknown,N
269,AAAAAAAANABAAAAA,2450256,2450283,10297,1000.00,1,n st,Y,N,N,N,N,N,N,N,Similar policies may not enforce con,Unknown,N
270,AAAAAAAAOABAAAAA,2450527,2450562,9244,1000.00,1,bar,N,N,N,N,N,N,N,N,"Upper, major proposals might not defeat federal, s",Unknown,N
271,AAAAAAAAPABAAAAA,2450356,2450378,12736,1000.00,1,ought,Y,N,N,N,N,N,N,N,Also wonderful forms worry s,Unknown,N
272,AAAAAAAAABBAAAAA,2450377,2450380,14524,1000.00,1,able,N,N,N,N,N,N,N,N,"Possible, wrong shoulders shall provide more in a details.",Unknown,N
273,AAAAAAAABBBAAAAA,2450803,2450818,5138,1000.00,1,pri,Y,N,N,N,N,N,N,N,Faint refugees muster always,Unknown,N
274,AAAAAAAACBBAAAAA,2450649,2450705,3856,1000.00,1,ese,Y,N,N,N,N,N,N,N,Factors will get dreams. General schools may pay ,Unknown,N
275,AAAAAAAADBBAAAAA,2450853,2450861,2798,1000.00,1,anti,N,N,N,N,N,N,N,N,"Fine, important poems should not ",Unknown,N
276,AAAAAAAAEBBAAAAA,2450196,2450210,5113,1000.00,1,cally,N,N,N,N,N,N,N,N,Children shall not see signs. Elements make actu,Unknown,N
277,AAAAAAAAFBBAAAAA,2450223,2450253,2581,1000.00,1,ation,Y,N,N,N,N,N,N,N,Else thick police seem af,Unknown,N
278,AAAAAAAAGBBAAAAA,2450730,2450738,2842,1000.00,1,eing,Y,N,N,N,N,N,N,N,"New proceedings sing specific, inc sou",Unknown,N
279,AAAAAAAAHBBAAAAA,2450609,2450642,10910,1000.00,1,n st,N,N,N,N,N,N,N,N,Other practices wander. Both poor arts should apply however,Unknown,N
280,AAAAAAAAIBBAAAAA,2450475,2450513,16424,1000.00,1,bar,Y,N,N,N,N,N,N,N,Available sports shall not involve long,Unknown,N
281,AAAAAAAAJBBAAAAA,2450740,2450746,4213,1000.00,1,ought,N,N,N,N,N,N,N,N,Nuclear options ought to,Unknown,N
282,AAAAAAAAKBBAAAAA,2450659,2450702,11851,1000.00,1,able,N,N,N,N,N,N,N,N,"Natural courses could not shoot. Equal, tr",Unknown,N
283,AAAAAAAALBBAAAAA,2450757,2450786,2870,1000.00,1,pri,N,N,N,N,N,N,N,N,Main stores become immediately american minutes.,Unknown,N
284,AAAAAAAAMBBAAAAA,2450239,2450267,7066,1000.00,1,ese,N,N,N,N,N,N,N,N,"British letters fish domestic,",Unknown,N
285,AAAAAAAANBBAAAAA,2450370,2450402,10982,1000.00,1,anti,Y,N,N,N,N,N,N,N,"Experiments mean separate, polite ",Unknown,N
286,AAAAAAAAOBBAAAAA,2450728,2450747,17779,1000.00,1,cally,N,N,N,N,N,N,N,N,Square exceptions would not join just,Unknown,N
287,AAAAAAAAPBBAAAAA,2450574,2450591,4568,1000.00,1,ation,Y,N,N,N,N,N,N,N,"Users cannot sound then electronic knees. Popular, ",Unknown,N
288,AAAAAAAAACBAAAAA,2450539,2450578,1018,1000.00,1,eing,N,N,N,N,N,N,N,N,"Mature, glad hands exert economic, new decisions",Unknown,N
289,AAAAAAAABCBAAAAA,2450415,2450423,9037,1000.00,1,n st,N,N,N,N,N,N,N,N,"Negotiations hear so positive, key children; mo",Unknown,N
290,AAAAAAAACCBAAAAA,2450375,2450415,16634,1000.00,1,bar,N,N,N,N,N,N,N,N,"Shallow, overseas animals catch c",Unknown,N
291,AAAAAAAADCBAAAAA,2450646,2450653,10424,1000.00,1,ought,N,N,N,N,N,N,N,N,"Possible eggs could enhance mainly other, labour",Unknown,N
292,AAAAAAAAECBAAAAA,2450308,2450329,6548,1000.00,1,able,Y,N,N,N,N,N,N,N,Feet must not see far under ,Unknown,N
293,AAAAAAAAFCBAAAAA,2450569,2450616,13009,1000.00,1,pri,N,N,N,N,N,N,N,N,More right years might face. Modern vo,Unknown,N
294,AAAAAAAAGCBAAAAA,2450759,2450762,11704,1000.00,1,ese,Y,N,N,N,N,N,N,N,Accounts marry however b,Unknown,N
295,AAAAAAAAHCBAAAAA,2450889,2450944,8272,1000.00,1,anti,Y,N,N,N,N,N,N,N,More independent rights,Unknown,N
296,AAAAAAAAICBAAAAA,2450631,2450637,15518,1000.00,1,cally,N,N,N,N,N,N,N,N,"Social, critical churches should not run perhaps ",Unknown,N
297,AAAAAAAAJCBAAAAA,2450217,2450250,5887,1000.00,1,ation,Y,N,N,N,N,N,N,N,Formerly different developers might adopt ,Unknown,N
298,AAAAAAAAKCBAAAAA,2450809,2450858,17287,1000.00,1,eing,Y,N,N,N,N,N,N,N,"Common, southern men shall not indicate as democratic are",Unknown,N
299,AAAAAAAALCBAAAAA,2450783,2450836,1292,1000.00,1,n st,Y,N,N,N,N,N,N,N,Profits shall settle away general ears. Customers might no,Unknown,N
300,AAAAAAAAMCBAAAAA,2450488,2450522,16879,1000.00,1,bar,Y,N,N,N,N,N,N,N,"Things say safely friendly, heavy movements. Modern inst",Unknown,N
