id,type,parent_id,schema,name,parent_name,datatype,constraints,text_sequence,instance_sequence,label_linkability
entity_43,schema,,OC_ORACLE,OC_ORACLE,,,,,,
entity_44,table,entity_43,OC_ORACLE,CUSTOMERS,,,,"CUSTOMERS [CUSTOMER_ID, EMAIL_ADDRESS, FULL_NAME]",,TRUE
entity_45,attribute,entity_44,OC_ORACLE,CUSTOMER_ID,CUSTOMERS,NUMBER,PRIMARY KEY,CUSTOMER_ID CUSTOMERS NUMBER PRIMARY KEY,,TRUE
entity_46,attribute,entity_44,OC_ORACLE,EMAIL_ADDRESS,CUSTOMERS,VARCHAR2,,EMAIL_ADDRESS CUSTOMERS VARCHAR2,,TRUE
entity_47,attribute,entity_44,OC_ORACLE,FULL_NAME,CUSTOMERS,VARCHAR2,,FULL_NAME CUSTOMERS VARCHAR2,,TRUE
entity_48,table,entity_43,OC_ORACLE,INVENTORY,,,,"INVENTORY [INVENTORY_ID, STORE_ID, PRODUCT_ID, PRODUCT_INVENTORY]",,TRUE
entity_49,attribute,entity_48,OC_ORACLE,INVENTORY_ID,INVENTORY,NUMBER,PRIMARY KEY,INVENTORY_ID INVENTORY NUMBER PRIMARY KEY,,FALSE
entity_50,attribute,entity_48,OC_ORACLE,STORE_ID,INVENTORY,NUMBER,FOREIGN KEY,STORE_ID INVENTORY NUMBER FOREIGN KEY,,FALSE
entity_51,attribute,entity_48,OC_ORACLE,PRODUCT_ID,INVENTORY,NUMBER,FOREIGN KEY,PRODUCT_ID INVENTORY NUMBER FOREIGN KEY,,TRUE
entity_52,attribute,entity_48,OC_ORACLE,PRODUCT_INVENTORY,INVENTORY,NUMBER,,PRODUCT_INVENTORY INVENTORY NUMBER,,TRUE
entity_53,table,entity_43,OC_ORACLE,ORDER_ITEMS,,,,"ORDER_ITEMS [ORDER_ID, LINE_ITEM_ID, PRODUCT_ID, UNIT_PRICE, QUANTITY, SHIPMENT_ID]",,TRUE
entity_54,attribute,entity_53,OC_ORACLE,ORDER_ID,ORDER_ITEMS,NUMBER,PRIMARY KEY,ORDER_ID ORDER_ITEMS NUMBER PRIMARY KEY,,TRUE
entity_55,attribute,entity_53,OC_ORACLE,LINE_ITEM_ID,ORDER_ITEMS,NUMBER,PRIMARY KEY,LINE_ITEM_ID ORDER_ITEMS NUMBER PRIMARY KEY,,TRUE
entity_56,attribute,entity_53,OC_ORACLE,PRODUCT_ID,ORDER_ITEMS,NUMBER,FOREIGN KEY,PRODUCT_ID ORDER_ITEMS NUMBER FOREIGN KEY,,TRUE
entity_57,attribute,entity_53,OC_ORACLE,UNIT_PRICE,ORDER_ITEMS,FLOAT,,UNIT_PRICE ORDER_ITEMS FLOAT,,TRUE
entity_58,attribute,entity_53,OC_ORACLE,QUANTITY,ORDER_ITEMS,NUMBER,,QUANTITY ORDER_ITEMS NUMBER,,TRUE
entity_59,attribute,entity_53,OC_ORACLE,SHIPMENT_ID,ORDER_ITEMS,FLOAT,FOREIGN KEY,SHIPMENT_ID ORDER_ITEMS FLOAT FOREIGN KEY,,FALSE
entity_60,table,entity_43,OC_ORACLE,ORDERS,,,,"ORDERS [ORDER_ID, ORDER_DATETIME, CUSTOMER_ID, ORDER_STATUS, STORE_ID]",,TRUE
entity_61,attribute,entity_60,OC_ORACLE,ORDER_ID,ORDERS,NUMBER,PRIMARY KEY,ORDER_ID ORDERS NUMBER PRIMARY KEY,,TRUE
entity_62,attribute,entity_60,OC_ORACLE,ORDER_DATETIME,ORDERS,DATE,,ORDER_DATETIME ORDERS DATE,,TRUE
entity_63,attribute,entity_60,OC_ORACLE,CUSTOMER_ID,ORDERS,NUMBER,FOREIGN KEY,CUSTOMER_ID ORDERS NUMBER FOREIGN KEY,,TRUE
entity_64,attribute,entity_60,OC_ORACLE,ORDER_STATUS,ORDERS,VARCHAR2,,ORDER_STATUS ORDERS VARCHAR2,,TRUE
entity_65,attribute,entity_60,OC_ORACLE,STORE_ID,ORDERS,NUMBER,FOREIGN KEY,STORE_ID ORDERS NUMBER FOREIGN KEY,,FALSE
entity_66,table,entity_43,OC_ORACLE,PRODUCTS,,,,"PRODUCTS [PRODUCT_ID, PRODUCT_NAME, UNIT_PRICE, PRODUCT_DETAILS, PRODUCT_IMAGE, IMAGE_MIME_TYPE, IMAGE_FILENAME, IMAGE_CHARSET, IMAGE_LAST_UPDATED]",,TRUE
entity_67,attribute,entity_66,OC_ORACLE,PRODUCT_ID,PRODUCTS,NUMBER,PRIMARY KEY,PRODUCT_ID PRODUCTS NUMBER PRIMARY KEY,,TRUE
entity_68,attribute,entity_66,OC_ORACLE,PRODUCT_NAME,PRODUCTS,VARCHAR2,,PRODUCT_NAME PRODUCTS VARCHAR2,,TRUE
entity_69,attribute,entity_66,OC_ORACLE,UNIT_PRICE,PRODUCTS,FLOAT,,UNIT_PRICE PRODUCTS FLOAT,,TRUE
entity_70,attribute,entity_66,OC_ORACLE,PRODUCT_DETAILS,PRODUCTS,BLOB,,PRODUCT_DETAILS PRODUCTS BLOB,,TRUE
entity_71,attribute,entity_66,OC_ORACLE,PRODUCT_IMAGE,PRODUCTS,BLOB,,PRODUCT_IMAGE PRODUCTS BLOB,,TRUE
entity_72,attribute,entity_66,OC_ORACLE,IMAGE_MIME_TYPE,PRODUCTS,BLOB,,IMAGE_MIME_TYPE PRODUCTS BLOB,,FALSE
entity_73,attribute,entity_66,OC_ORACLE,IMAGE_FILENAME,PRODUCTS,BLOB,,IMAGE_FILENAME PRODUCTS BLOB,,FALSE
entity_74,attribute,entity_66,OC_ORACLE,IMAGE_CHARSET,PRODUCTS,BLOB,,IMAGE_CHARSET PRODUCTS BLOB,,FALSE
entity_75,attribute,entity_66,OC_ORACLE,IMAGE_LAST_UPDATED,PRODUCTS,DATE,,IMAGE_LAST_UPDATED PRODUCTS DATE,,FALSE
entity_76,table,entity_43,OC_ORACLE,SHIPMENTS,,,,"SHIPMENTS [SHIPMENT_ID, STORE_ID, CUSTOMER_ID, DELIVERY_ADDRESS, SHIPMENT_STATUS]",,TRUE
entity_77,attribute,entity_76,OC_ORACLE,SHIPMENT_ID,SHIPMENTS,NUMBER,PRIMARY KEY,SHIPMENT_ID SHIPMENTS NUMBER PRIMARY KEY,,FALSE
entity_78,attribute,entity_76,OC_ORACLE,STORE_ID,SHIPMENTS,NUMBER,FOREIGN KEY,STORE_ID SHIPMENTS NUMBER FOREIGN KEY,,FALSE
entity_79,attribute,entity_76,OC_ORACLE,CUSTOMER_ID,SHIPMENTS,NUMBER,FOREIGN KEY,CUSTOMER_ID SHIPMENTS NUMBER FOREIGN KEY,,TRUE
entity_80,attribute,entity_76,OC_ORACLE,DELIVERY_ADDRESS,SHIPMENTS,VARCHAR2,,DELIVERY_ADDRESS SHIPMENTS VARCHAR2,,TRUE
entity_81,attribute,entity_76,OC_ORACLE,SHIPMENT_STATUS,SHIPMENTS,VARCHAR2,,SHIPMENT_STATUS SHIPMENTS VARCHAR2,,FALSE
entity_82,table,entity_43,OC_ORACLE,STORES,,,,"STORES [STORE_ID, STORE_NAME, WEB_ADDRESS, PHYSICAL_ADDRESS, LATITUDE, LONGITUDE, LOGO, LOGO_MIME_TYPE, LOGO_FILENAME, LOGO_CHARSET, LOGO_LAST_UPDATED]",,FALSE
entity_83,attribute,entity_82,OC_ORACLE,STORE_ID,STORES,NUMBER,PRIMARY KEY,STORE_ID STORES NUMBER PRIMARY KEY,,FALSE
entity_84,attribute,entity_82,OC_ORACLE,STORE_NAME,STORES,VARCHAR2,,STORE_NAME STORES VARCHAR2,,FALSE
entity_85,attribute,entity_82,OC_ORACLE,WEB_ADDRESS,STORES,VARCHAR2,,WEB_ADDRESS STORES VARCHAR2,,FALSE
entity_86,attribute,entity_82,OC_ORACLE,PHYSICAL_ADDRESS,STORES,VARCHAR2,,PHYSICAL_ADDRESS STORES VARCHAR2,,FALSE
entity_87,attribute,entity_82,OC_ORACLE,LATITUDE,STORES,FLOAT,,LATITUDE STORES FLOAT,,FALSE
entity_88,attribute,entity_82,OC_ORACLE,LONGITUDE,STORES,FLOAT,,LONGITUDE STORES FLOAT,,FALSE
entity_89,attribute,entity_82,OC_ORACLE,LOGO,STORES,BLOB,,LOGO STORES BLOB,,FALSE
entity_90,attribute,entity_82,OC_ORACLE,LOGO_MIME_TYPE,STORES,VARCHAR2,,LOGO_MIME_TYPE STORES VARCHAR2,,FALSE
entity_91,attribute,entity_82,OC_ORACLE,LOGO_FILENAME,STORES,VARCHAR2,,LOGO_FILENAME STORES VARCHAR2,,FALSE
entity_92,attribute,entity_82,OC_ORACLE,LOGO_CHARSET,STORES,VARCHAR2,,LOGO_CHARSET STORES VARCHAR2,,FALSE
entity_93,attribute,entity_82,OC_ORACLE,LOGO_LAST_UPDATED,STORES,DATE,,LOGO_LAST_UPDATED STORES DATE,,FALSE
entity_94,schema,,OC_MYSQL,OC_MYSQL,,,,,,
entity_95,table,entity_94,OC_MYSQL,CUSTOMERS,,,,"CUSTOMERS [CUSTOMERNUMBER, CUSTOMERNAME, CONTACTLASTNAME, CONTACTFIRSTNAME, PHONE, ADDRESSLINE1, ADDRESSLINE2, CITY, STATE, POSTALCODE, COUNTRY, SALESREPEMPLOYEENUMBER, CREDITLIMIT]",,TRUE
entity_96,attribute,entity_95,OC_MYSQL,CUSTOMERNUMBER,CUSTOMERS,NUMBER,PRIMARY KEY,CUSTOMERNUMBER CUSTOMERS NUMBER PRIMARY KEY,,TRUE
entity_97,attribute,entity_95,OC_MYSQL,CUSTOMERNAME,CUSTOMERS,VARCHAR2,,CUSTOMERNAME CUSTOMERS VARCHAR2,,TRUE
entity_98,attribute,entity_95,OC_MYSQL,CONTACTLASTNAME,CUSTOMERS,VARCHAR2,,CONTACTLASTNAME CUSTOMERS VARCHAR2,,TRUE
entity_99,attribute,entity_95,OC_MYSQL,CONTACTFIRSTNAME,CUSTOMERS,VARCHAR2,,CONTACTFIRSTNAME CUSTOMERS VARCHAR2,,TRUE
entity_100,attribute,entity_95,OC_MYSQL,PHONE,CUSTOMERS,VARCHAR2,,PHONE CUSTOMERS VARCHAR2,,TRUE
entity_101,attribute,entity_95,OC_MYSQL,ADDRESSLINE1,CUSTOMERS,VARCHAR2,,ADDRESSLINE1 CUSTOMERS VARCHAR2,,TRUE
entity_102,attribute,entity_95,OC_MYSQL,ADDRESSLINE2,CUSTOMERS,VARCHAR2,,ADDRESSLINE2 CUSTOMERS VARCHAR2,,TRUE
entity_103,attribute,entity_95,OC_MYSQL,CITY,CUSTOMERS,VARCHAR2,,CITY CUSTOMERS VARCHAR2,,TRUE
entity_104,attribute,entity_95,OC_MYSQL,STATE,CUSTOMERS,VARCHAR2,,STATE CUSTOMERS VARCHAR2,,TRUE
entity_105,attribute,entity_95,OC_MYSQL,POSTALCODE,CUSTOMERS,VARCHAR2,,POSTALCODE CUSTOMERS VARCHAR2,,TRUE
entity_106,attribute,entity_95,OC_MYSQL,COUNTRY,CUSTOMERS,VARCHAR2,,COUNTRY CUSTOMERS VARCHAR2,,TRUE
entity_107,attribute,entity_95,OC_MYSQL,SALESREPEMPLOYEENUMBER,CUSTOMERS,NUMBER,,SALESREPEMPLOYEENUMBER CUSTOMERS NUMBER,,FALSE
entity_108,attribute,entity_95,OC_MYSQL,CREDITLIMIT,CUSTOMERS,FLOAT,,CREDITLIMIT CUSTOMERS FLOAT,,FALSE
entity_109,table,entity_94,OC_MYSQL,EMPLOYEES,,,,"EMPLOYEES [EMPLOYEENUMBER, LASTNAME, FIRSTNAME, EXTENSION, EMAIL, OFFICECODE, REPORTSTO, JOBTITLE]",,FALSE
entity_110,attribute,entity_109,OC_MYSQL,EMPLOYEENUMBER,EMPLOYEES,NUMBER,PRIMARY KEY,EMPLOYEENUMBER EMPLOYEES NUMBER PRIMARY KEY,,FALSE
entity_111,attribute,entity_109,OC_MYSQL,LASTNAME,EMPLOYEES,VARCHAR2,,LASTNAME EMPLOYEES VARCHAR2,,FALSE
entity_112,attribute,entity_109,OC_MYSQL,FIRSTNAME,EMPLOYEES,VARCHAR2,,FIRSTNAME EMPLOYEES VARCHAR2,,FALSE
entity_113,attribute,entity_109,OC_MYSQL,EXTENSION,EMPLOYEES,VARCHAR2,,EXTENSION EMPLOYEES VARCHAR2,,FALSE
entity_114,attribute,entity_109,OC_MYSQL,EMAIL,EMPLOYEES,VARCHAR2,,EMAIL EMPLOYEES VARCHAR2,,FALSE
entity_115,attribute,entity_109,OC_MYSQL,OFFICECODE,EMPLOYEES,NUMBER,FOREIGN KEY,OFFICECODE EMPLOYEES NUMBER FOREIGN KEY,,FALSE
entity_116,attribute,entity_109,OC_MYSQL,REPORTSTO,EMPLOYEES,NUMBER,,REPORTSTO EMPLOYEES NUMBER,,FALSE
entity_117,attribute,entity_109,OC_MYSQL,JOBTITLE,EMPLOYEES,VARCHAR2,,JOBTITLE EMPLOYEES VARCHAR2,,FALSE
entity_118,table,entity_94,OC_MYSQL,OFFICES,,,,"OFFICES [OFFICECODE, CITY, PHONE, ADDRESSLINE1, ADDRESSLINE2, STATE, COUNTRY, POSTALCODE, TERRITORY]",,FALSE
entity_119,attribute,entity_118,OC_MYSQL,OFFICECODE,OFFICES,NUMBER,PRIMARY KEY,OFFICECODE OFFICES NUMBER PRIMARY KEY,,FALSE
entity_120,attribute,entity_118,OC_MYSQL,CITY,OFFICES,VARCHAR2,,CITY OFFICES VARCHAR2,,FALSE
entity_121,attribute,entity_118,OC_MYSQL,PHONE,OFFICES,VARCHAR2,,PHONE OFFICES VARCHAR2,,FALSE
entity_122,attribute,entity_118,OC_MYSQL,ADDRESSLINE1,OFFICES,VARCHAR2,,ADDRESSLINE1 OFFICES VARCHAR2,,FALSE
entity_123,attribute,entity_118,OC_MYSQL,ADDRESSLINE2,OFFICES,VARCHAR2,,ADDRESSLINE2 OFFICES VARCHAR2,,FALSE
entity_124,attribute,entity_118,OC_MYSQL,STATE,OFFICES,VARCHAR2,,STATE OFFICES VARCHAR2,,FALSE
entity_125,attribute,entity_118,OC_MYSQL,COUNTRY,OFFICES,VARCHAR2,,COUNTRY OFFICES VARCHAR2,,FALSE
entity_126,attribute,entity_118,OC_MYSQL,POSTALCODE,OFFICES,VARCHAR2,,POSTALCODE OFFICES VARCHAR2,,FALSE
entity_127,attribute,entity_118,OC_MYSQL,TERRITORY,OFFICES,VARCHAR2,,TERRITORY OFFICES VARCHAR2,,FALSE
entity_128,table,entity_94,OC_MYSQL,ORDERDETAILS,,,,"ORDERDETAILS [ORDERNUMBER, PRODUCTCODE, QUANTITYORDERED, PRICEEACH, ORDERLINENUMBER]",,TRUE
entity_129,attribute,entity_128,OC_MYSQL,ORDERNUMBER,ORDERDETAILS,NUMBER,PRIMARY KEY,ORDERNUMBER ORDERDETAILS NUMBER PRIMARY KEY,,TRUE
entity_130,attribute,entity_128,OC_MYSQL,PRODUCTCODE,ORDERDETAILS,VARCHAR2,PRIMARY KEY,PRODUCTCODE ORDERDETAILS VARCHAR2 PRIMARY KEY,,TRUE
entity_131,attribute,entity_128,OC_MYSQL,QUANTITYORDERED,ORDERDETAILS,NUMBER,,QUANTITYORDERED ORDERDETAILS NUMBER,,TRUE
entity_132,attribute,entity_128,OC_MYSQL,PRICEEACH,ORDERDETAILS,FLOAT,,PRICEEACH ORDERDETAILS FLOAT,,TRUE
entity_133,attribute,entity_128,OC_MYSQL,ORDERLINENUMBER,ORDERDETAILS,NUMBER,,ORDERLINENUMBER ORDERDETAILS NUMBER,,TRUE
entity_134,table,entity_94,OC_MYSQL,ORDERS,,,,"ORDERS [ORDERNUMBER, ORDERDATE, REQUIREDDATE, SHIPPEDDATE, STATUS, COMMENTS, CUSTOMERNUMBER]",,TRUE
entity_135,attribute,entity_134,OC_MYSQL,ORDERNUMBER,ORDERS,NUMBER,PRIMARY KEY,ORDERNUMBER ORDERS NUMBER PRIMARY KEY,,TRUE
entity_136,attribute,entity_134,OC_MYSQL,ORDERDATE,ORDERS,DATE,,ORDERDATE ORDERS DATE,,TRUE
entity_137,attribute,entity_134,OC_MYSQL,REQUIREDDATE,ORDERS,DATE,,REQUIREDDATE ORDERS DATE,,FALSE
entity_138,attribute,entity_134,OC_MYSQL,SHIPPEDDATE,ORDERS,DATE,,SHIPPEDDATE ORDERS DATE,,FALSE
entity_139,attribute,entity_134,OC_MYSQL,STATUS,ORDERS,VARCHAR2,,STATUS ORDERS VARCHAR2,,TRUE
entity_140,attribute,entity_134,OC_MYSQL,COMMENTS,ORDERS,VARCHAR2,,COMMENTS ORDERS VARCHAR2,,FALSE
entity_141,attribute,entity_134,OC_MYSQL,CUSTOMERNUMBER,ORDERS,NUMBER,FOREIGN KEY,CUSTOMERNUMBER ORDERS NUMBER FOREIGN KEY,,TRUE
entity_142,table,entity_94,OC_MYSQL,PAYMENTS,,,,"PAYMENTS [CUSTOMERNUMBER, CHECKNUMBER, PAYMENTDATE, AMOUNT]",,FALSE
entity_143,attribute,entity_142,OC_MYSQL,CUSTOMERNUMBER,PAYMENTS,NUMBER,PRIMARY KEY,CUSTOMERNUMBER PAYMENTS NUMBER PRIMARY KEY,,FALSE
entity_144,attribute,entity_142,OC_MYSQL,CHECKNUMBER,PAYMENTS,VARCHAR2,PRIMARY KEY,CHECKNUMBER PAYMENTS VARCHAR2 PRIMARY KEY,,FALSE
entity_145,attribute,entity_142,OC_MYSQL,PAYMENTDATE,PAYMENTS,DATE,,PAYMENTDATE PAYMENTS DATE,,FALSE
entity_146,attribute,entity_142,OC_MYSQL,AMOUNT,PAYMENTS,FLOAT,,AMOUNT PAYMENTS FLOAT,,FALSE
entity_147,table,entity_94,OC_MYSQL,PRODUCTLINES,,,,"PRODUCTLINES [PRODUCTLINE, TEXTDESCRIPTION, HTMLDESCRIPTION, IMAGE]",,TRUE
entity_148,attribute,entity_147,OC_MYSQL,PRODUCTLINE,PRODUCTLINES,VARCHAR2,PRIMARY KEY,PRODUCTLINE PRODUCTLINES VARCHAR2 PRIMARY KEY,,TRUE
entity_149,attribute,entity_147,OC_MYSQL,TEXTDESCRIPTION,PRODUCTLINES,VARCHAR2,,TEXTDESCRIPTION PRODUCTLINES VARCHAR2,,TRUE
entity_150,attribute,entity_147,OC_MYSQL,HTMLDESCRIPTION,PRODUCTLINES,VARCHAR2,,HTMLDESCRIPTION PRODUCTLINES VARCHAR2,,FALSE
entity_151,attribute,entity_147,OC_MYSQL,IMAGE,PRODUCTLINES,BLOB,,IMAGE PRODUCTLINES BLOB,,TRUE
entity_152,table,entity_94,OC_MYSQL,PRODUCTS,,,,"PRODUCTS [PRODUCTCODE, PRODUCTNAME, PRODUCTLINE, PRODUCTSCALE, PRODUCTVENDOR, PRODUCTDESCRIPTION, QUANTITYINSTOCK, BUYPRICE, MSRP]",,TRUE
entity_153,attribute,entity_152,OC_MYSQL,PRODUCTCODE,PRODUCTS,VARCHAR2,PRIMARY KEY,PRODUCTCODE PRODUCTS VARCHAR2 PRIMARY KEY,,TRUE
entity_154,attribute,entity_152,OC_MYSQL,PRODUCTNAME,PRODUCTS,VARCHAR2,,PRODUCTNAME PRODUCTS VARCHAR2,,TRUE
entity_155,attribute,entity_152,OC_MYSQL,PRODUCTLINE,PRODUCTS,VARCHAR2,FOREIGN KEY,PRODUCTLINE PRODUCTS VARCHAR2 FOREIGN KEY,,TRUE
entity_156,attribute,entity_152,OC_MYSQL,PRODUCTSCALE,PRODUCTS,VARCHAR2,,PRODUCTSCALE PRODUCTS VARCHAR2,,FALSE
entity_157,attribute,entity_152,OC_MYSQL,PRODUCTVENDOR,PRODUCTS,VARCHAR2,,PRODUCTVENDOR PRODUCTS VARCHAR2,,FALSE
entity_158,attribute,entity_152,OC_MYSQL,PRODUCTDESCRIPTION,PRODUCTS,VARCHAR2,,PRODUCTDESCRIPTION PRODUCTS VARCHAR2,,TRUE
entity_159,attribute,entity_152,OC_MYSQL,QUANTITYINSTOCK,PRODUCTS,NUMBER,,QUANTITYINSTOCK PRODUCTS NUMBER,,TRUE
entity_160,attribute,entity_152,OC_MYSQL,BUYPRICE,PRODUCTS,FLOAT,,BUYPRICE PRODUCTS FLOAT,,TRUE
entity_161,attribute,entity_152,OC_MYSQL,MSRP,PRODUCTS,FLOAT,,MSRP PRODUCTS FLOAT,,FALSE
entity_162,schema,,OC_SAP,OC_SAP,,,,,,
entity_163,table,entity_162,OC_SAP,CUSTOMER,,,,"CUSTOMER [CUSTOMERID, CITYID, COUNTRYID, REGIONID, CUSTOMER, CITYNAME, COUNTRYNAME, REGIONNAME]",,TRUE
entity_164,attribute,entity_163,OC_SAP,CUSTOMERID,CUSTOMER,NUMBER,PRIMARY KEY,CUSTOMERID CUSTOMER NUMBER PRIMARY KEY,,TRUE
entity_165,attribute,entity_163,OC_SAP,CITYID,CUSTOMER,NUMBER,FOREIGN KEY,CITYID CUSTOMER NUMBER FOREIGN KEY,,FALSE
entity_166,attribute,entity_163,OC_SAP,COUNTRYID,CUSTOMER,NUMBER,FOREIGN KEY,COUNTRYID CUSTOMER NUMBER FOREIGN KEY,,FALSE
entity_167,attribute,entity_163,OC_SAP,REGIONID,CUSTOMER,NUMBER,FOREIGN KEY,REGIONID CUSTOMER NUMBER FOREIGN KEY,,FALSE
entity_168,attribute,entity_163,OC_SAP,CUSTOMER,CUSTOMER,VARCHAR2,,CUSTOMER CUSTOMER VARCHAR2,,TRUE
entity_169,attribute,entity_163,OC_SAP,CITYNAME,CUSTOMER,VARCHAR2,,CITYNAME CUSTOMER VARCHAR2,,TRUE
entity_170,attribute,entity_163,OC_SAP,COUNTRYNAME,CUSTOMER,VARCHAR2,,COUNTRYNAME CUSTOMER VARCHAR2,,TRUE
entity_171,attribute,entity_163,OC_SAP,REGIONNAME,CUSTOMER,VARCHAR2,,REGIONNAME CUSTOMER VARCHAR2,,FALSE
entity_172,table,entity_162,OC_SAP,PRODUCT,,,,"PRODUCT [PRODUCTID, CATEGORYID, LINEID, PRODUCTNAME, PRODUCTDESCRIPTION, CATEGORYNAME, CATEGORYDESCRIPTION, LINENAME, LINEDESCRIPTION, DISCONTINUED, CAPACITY, SCREENSIZE]",,TRUE
entity_173,attribute,entity_172,OC_SAP,PRODUCTID,PRODUCT,NUMBER,PRIMARY KEY,PRODUCTID PRODUCT NUMBER PRIMARY KEY,,TRUE
entity_174,attribute,entity_172,OC_SAP,CATEGORYID,PRODUCT,NUMBER,FOREIGN KEY,CATEGORYID PRODUCT NUMBER FOREIGN KEY,,FALSE
entity_175,attribute,entity_172,OC_SAP,LINEID,PRODUCT,NUMBER,FOREIGN KEY,LINEID PRODUCT NUMBER FOREIGN KEY,,TRUE
entity_176,attribute,entity_172,OC_SAP,PRODUCTNAME,PRODUCT,VARCHAR2,,PRODUCTNAME PRODUCT VARCHAR2,,TRUE
entity_177,attribute,entity_172,OC_SAP,PRODUCTDESCRIPTION,PRODUCT,VARCHAR2,,PRODUCTDESCRIPTION PRODUCT VARCHAR2,,TRUE
entity_178,attribute,entity_172,OC_SAP,CATEGORYNAME,PRODUCT,VARCHAR2,,CATEGORYNAME PRODUCT VARCHAR2,,FALSE
entity_179,attribute,entity_172,OC_SAP,CATEGORYDESCRIPTION,PRODUCT,VARCHAR2,,CATEGORYDESCRIPTION PRODUCT VARCHAR2,,FALSE
entity_180,attribute,entity_172,OC_SAP,LINENAME,PRODUCT,VARCHAR2,,LINENAME PRODUCT VARCHAR2,,TRUE
entity_181,attribute,entity_172,OC_SAP,LINEDESCRIPTION,PRODUCT,VARCHAR2,,LINEDESCRIPTION PRODUCT VARCHAR2,,TRUE
entity_182,attribute,entity_172,OC_SAP,DISCONTINUED,PRODUCT,NUMBER,,DISCONTINUED PRODUCT NUMBER,,FALSE
entity_183,attribute,entity_172,OC_SAP,CAPACITY,PRODUCT,VARCHAR2,,CAPACITY PRODUCT VARCHAR2,,TRUE
entity_184,attribute,entity_172,OC_SAP,SCREENSIZE,PRODUCT,VARCHAR2,,SCREENSIZE PRODUCT VARCHAR2,,FALSE
entity_185,table,entity_162,OC_SAP,CUSTOMER_ORDER,,,,"CUSTOMER_ORDER [ORDERID, PRODUCTID, CUSTOMERID, EMPLOYEEID, PROMOTIONID, TERRITORYID, ORDERPERIODID, REQUIREDPERIODID, SHIPPEDPERIODID, SHIPPERID, UNITPRICE, QUANTITY, DISCOUNT, UNITSALES, NETSALES, UNITCOST, FREIGHT, COST, QUANTITYORDERED, DELIVEREDPERIODID]",,TRUE
entity_186,attribute,entity_185,OC_SAP,ORDERID,CUSTOMER_ORDER,NUMBER,PRIMARY KEY,ORDERID CUSTOMER_ORDER NUMBER PRIMARY KEY,,TRUE
entity_187,attribute,entity_185,OC_SAP,PRODUCTID,CUSTOMER_ORDER,NUMBER,FOREIGN KEY,PRODUCTID CUSTOMER_ORDER NUMBER FOREIGN KEY,,FALSE
entity_188,attribute,entity_185,OC_SAP,CUSTOMERID,CUSTOMER_ORDER,NUMBER,FOREIGN KEY,CUSTOMERID CUSTOMER_ORDER NUMBER FOREIGN KEY,,TRUE
entity_189,attribute,entity_185,OC_SAP,EMPLOYEEID,CUSTOMER_ORDER,NUMBER,FOREIGN KEY,EMPLOYEEID CUSTOMER_ORDER NUMBER FOREIGN KEY,,FALSE
entity_190,attribute,entity_185,OC_SAP,PROMOTIONID,CUSTOMER_ORDER,NUMBER,FOREIGN KEY,PROMOTIONID CUSTOMER_ORDER NUMBER FOREIGN KEY,,FALSE
entity_191,attribute,entity_185,OC_SAP,TERRITORYID,CUSTOMER_ORDER,FLOAT,FOREIGN KEY,TERRITORYID CUSTOMER_ORDER FLOAT FOREIGN KEY,,FALSE
entity_192,attribute,entity_185,OC_SAP,ORDERPERIODID,CUSTOMER_ORDER,NUMBER,FOREIGN KEY,ORDERPERIODID CUSTOMER_ORDER NUMBER FOREIGN KEY,,FALSE
entity_193,attribute,entity_185,OC_SAP,REQUIREDPERIODID,CUSTOMER_ORDER,NUMBER,FOREIGN KEY,REQUIREDPERIODID CUSTOMER_ORDER NUMBER FOREIGN KEY,,FALSE
entity_194,attribute,entity_185,OC_SAP,SHIPPEDPERIODID,CUSTOMER_ORDER,NUMBER,FOREIGN KEY,SHIPPEDPERIODID CUSTOMER_ORDER NUMBER FOREIGN KEY,,FALSE
entity_195,attribute,entity_185,OC_SAP,SHIPPERID,CUSTOMER_ORDER,FLOAT,FOREIGN KEY,SHIPPERID CUSTOMER_ORDER FLOAT FOREIGN KEY,,FALSE
entity_196,attribute,entity_185,OC_SAP,UNITPRICE,CUSTOMER_ORDER,NUMBER,,UNITPRICE CUSTOMER_ORDER NUMBER,,FALSE
entity_197,attribute,entity_185,OC_SAP,QUANTITY,CUSTOMER_ORDER,NUMBER,,QUANTITY CUSTOMER_ORDER NUMBER,,FALSE
entity_198,attribute,entity_185,OC_SAP,DISCOUNT,CUSTOMER_ORDER,NUMBER,,DISCOUNT CUSTOMER_ORDER NUMBER,,FALSE
entity_199,attribute,entity_185,OC_SAP,UNITSALES,CUSTOMER_ORDER,NUMBER,,UNITSALES CUSTOMER_ORDER NUMBER,,FALSE
entity_200,attribute,entity_185,OC_SAP,NETSALES,CUSTOMER_ORDER,FLOAT,,NETSALES CUSTOMER_ORDER FLOAT,,FALSE
entity_201,attribute,entity_185,OC_SAP,UNITCOST,CUSTOMER_ORDER,NUMBER,,UNITCOST CUSTOMER_ORDER NUMBER,,TRUE
entity_202,attribute,entity_185,OC_SAP,FREIGHT,CUSTOMER_ORDER,FLOAT,,FREIGHT CUSTOMER_ORDER FLOAT,,FALSE
entity_203,attribute,entity_185,OC_SAP,COST,CUSTOMER_ORDER,NUMBER,,COST CUSTOMER_ORDER NUMBER,,FALSE
entity_204,attribute,entity_185,OC_SAP,QUANTITYORDERED,CUSTOMER_ORDER,NUMBER,,QUANTITYORDERED CUSTOMER_ORDER NUMBER,,TRUE
entity_205,attribute,entity_185,OC_SAP,DELIVEREDPERIODID,CUSTOMER_ORDER,NUMBER,FOREIGN KEY,DELIVEREDPERIODID CUSTOMER_ORDER NUMBER FOREIGN KEY,,FALSE
