"address_id","address","address2","district","city_id","postal_code","phone","city_city","city_country_id","country_country"
"smallint unsigned","varchar(50)","varchar(50)","varchar(20)","smallint unsigned","varchar(10)","varchar(20)","varchar(50)","smallint unsigned","varchar(50)"
"NOT NULL PRIMARY KEY auto_increment","NOT NULL","NULL","NOT NULL","NOT NULL","NULL","NOT NULL","NOT NULL","NOT NULL","NOT NULL"
"1","47 MySakila Drive","","Alberta","300","","","Lethbridge","20","Canada"
"2","28 MySQL Boulevard","","QLD","576","","","Woodridge","8","Australia"
"3","23 Workhaven Lane","","Alberta","300","","14033335568","Lethbridge","20","Canada"
"4","1411 Lillydale Drive","","QLD","576","","6172235589","Woodridge","8","Australia"
"5","1913 Hanoi Way","","Nagasaki","463","35200","28303384290","Sasebo","50","Japan"
"6","1121 Loja Avenue","","California","449","17886","838635286649","San Bernardino","103","United States"
"7","692 Joliet Street","","Attika","38","83579","448477190408","Athenai","39","Greece"
"8","1566 Inegöl Manor","","Mandalay","349","53561","705814003527","Myingyan","64","Myanmar"
"9","53 Idfu Parkway","","Nantou","361","42399","10655648674","Nantou","92","Taiwan"
"10","1795 Santiago de Compostela Way","","Texas","295","18743","860452626434","Laredo","103","United States"
"11","900 Santiago de Compostela Parkway","","Central Serbia","280","93896","716571220373","Kragujevac","108","Yugoslavia"
"12","478 Joliet Way","","Hamilton","200","77948","657282285970","Hamilton","68","New Zealand"
"13","613 Korolev Drive","","Masqat","329","45844","380657522649","Masqat","71","Oman"
"14","1531 Salé Drive","","Esfahan","162","53628","648856936185","Esfahan","46","Iran"
"15","1542 Tarlac Parkway","","Kanagawa","440","1027","635297277345","Sagamihara","50","Japan"
"16","808 Bhopal Manor","","Haryana","582","10672","465887807014","Yamuna Nagar","44","India"
"17","270 Amroha Parkway","","Osmaniye","384","29610","695479687538","Osmaniye","97","Turkey"
"18","770 Bydgoszcz Avenue","","California","120","16266","517338314235","Citrus Heights","103","United States"
"19","419 Iligan Lane","","Madhya Pradesh","76","72878","990911107354","Bhopal","44","India"
"20","360 Toulouse Parkway","","England","495","54308","949312333307","Southend-on-Sea","102","United Kingdom"
"21","270 Toulon Boulevard","","Kalmykia","156","81766","407752414682","Elista","80","Russian Federation"
"22","320 Brest Avenue","","Kaduna","252","43331","747791594069","Kaduna","69","Nigeria"
"23","1417 Lancaster Avenue","","Northern Cape","267","72192","272572357893","Kimberley","85","South Africa"
"24","1688 Okara Way","","Nothwest Border Prov","327","21954","144453869132","Mardan","72","Pakistan"
"25","262 A Coruña (La Coruña) Parkway","","Dhaka","525","34418","892775750063","Tangail","12","Bangladesh"
"26","28 Charlotte Amalie Street","","Rabat-Sal-Zammour-Z","443","37551","161968374323","Salé","62","Morocco"
"27","1780 Hino Boulevard","","Liepaja","303","7716","902731229323","Liepaja","54","Latvia"
"28","96 Tafuna Way","","Córdoba","128","99865","934730187245","Córdoba","6","Argentina"
"29","934 San Felipe de Puerto Plata Street","","Sind","472","99780","196495945706","Shikarpur","72","Pakistan"
"30","18 Duisburg Boulevard","","","121","58327","998009777982","Città del Vaticano","41","Holy See (Vatican City State)"
"31","217 Botshabelo Place","","Southern Mindanao","138","49521","665356572025","Davao","75","Philippines"
"32","1425 Shikarpur Manor","","Bihar","346","65599","678220867005","Munger (Monghyr)","44","India"
"33","786 Aurora Avenue","","Yamaguchi","474","65750","18461860151","Shimonoseki","50","Japan"
"34","1668 Anápolis Street","","Taipei","316","50199","525255540978","Lungtan","92","Taiwan"
"35","33 Gorontalo Way","","West Bengali","257","30348","745994947458","Kamarhati","44","India"
"36","176 Mandaluyong Place","","Uttar Pradesh","239","65213","627705991774","Jhansi","44","India"
"37","127 Purnea (Purnia) Manor","","Piemonte","17","79388","911872220378","Alessandria","49","Italy"
"38","61 Tama Street","","Okayama","284","94065","708403338270","Kurashiki","50","Japan"
"39","391 Callao Drive","","Midi-Pyrnes","544","34021","440512153169","Toulouse","34","France"
"40","334 Munger (Monghyr) Lane","","Markazi","31","38145","481183273622","Arak","46","Iran"
"41","1440 Fukuyama Loop","","Henan","362","47929","912257250465","Nanyang","23","China"
"42","269 Cam Ranh Parkway","","Chisinau","115","34689","489783829737","Chisinau","61","Moldova"
"43","306 Antofagasta Place","","Esprito Santo","569","3989","378318851631","Vila Velha","15","Brazil"
"44","671 Graz Street","","Oriental","353","94399","680768868518","Nador","62","Morocco"
"45","42 Brindisi Place","","Yerevan","586","16744","42384721397","Yerevan","7","Armenia"
"46","1632 Bislig Avenue","","Nonthaburi","394","61117","471675840679","Pak Kret","94","Thailand"
"47","1447 Imus Way","","Tahiti","167","48942","539758313890","Faaa","36","French Polynesia"
"48","1998 Halifax Drive","","Lipetsk","308","76022","177727722820","Lipetsk","80","Russian Federation"
"49","1718 Valencia Street","","Antofagasta","27","37359","675292816413","Antofagasta","22","Chile"
"50","46 Pjatigorsk Lane","","Moscow (City)","343","23616","262076994845","Moscow","80","Russian Federation"
"51","686 Garland Manor","","Cear","247","52535","69493378813","Juazeiro do Norte","15","Brazil"
"52","909 Garland Manor","","Tatarstan","367","69367","705800322606","Niznekamsk","80","Russian Federation"
"53","725 Isesaki Place","","Mekka","237","74428","876295323994","Jedda","82","Saudi Arabia"
"54","115 Hidalgo Parkway","","Khartum","379","80168","307703950263","Omdurman","89","Sudan"
"55","1135 Izumisano Parkway","","California","171","48150","171822533480","Fontana","103","United States"
"56","939 Probolinggo Loop","","Galicia","1","4166","680428310138","A Coruña (La Coruña)","87","Spain"
"57","17 Kabul Boulevard","","Chiba","355","38594","697760867968","Nagareyama","50","Japan"
"58","1964 Allappuzha (Alleppey) Street","","Yamaguchi","227","48980","920811325222","Iwakuni","50","Japan"
"59","1697 Kowloon and New Kowloon Loop","","Moskova","49","57807","499352017190","Balašiha","80","Russian Federation"
"60","1668 Saint Louis Place","","Tahiti","397","39072","347487831378","Papeete","36","French Polynesia"
"61","943 Tokat Street","","Vaduz","560","45428","889318963672","Vaduz","55","Liechtenstein"
"62","1114 Liepaja Street","","Sarawak","282","69226","212869228936","Kuching","59","Malaysia"
"63","1213 Ranchi Parkway","","Karnataka","350","94352","800024380485","Mysore","44","India"
"64","81 Hodeida Way","","Rajasthan","231","55561","250767749542","Jaipur","44","India"
"65","915 Ponce Place","","Basel-Stadt","56","83980","1395251317","Basel","91","Switzerland"
"66","1717 Guadalajara Lane","","Missouri","441","85505","914090181665","Saint Louis","103","United States"
"67","1214 Hanoi Way","","Nebraska","306","67055","491001136577","Lincoln","103","United States"
"68","1966 Amroha Avenue","","Sichuan","139","70385","333489324603","Daxian","23","China"
"69","698 Otsu Street","","Cayenne","105","71110","409983924481","Cayenne","35","French Guiana"
"70","1150 Kimchon Manor","","Skne ln","321","96109","663449333709","Malmö","90","Sweden"
"71","1586 Guarujá Place","","Hunan","579","5135","947233365992","Xi´angtan","23","China"
"72","57 Arlington Manor","","Madhya Pradesh","475","48960","990214419142","Shivapuri","44","India"
"73","1031 Daugavpils Parkway","","Béchar","63","59025","107137400143","Béchar","2","Algeria"
"74","1124 Buenaventura Drive","","Mekka","13","6856","407733804223","al-Hawiya","82","Saudi Arabia"
"75","492 Cam Ranh Street","","Eastern Visayas","61","50805","565018274456","Baybay","75","Philippines"
"76","89 Allappuzha (Alleppey) Manor","","National Capital Reg","517","75444","255800440636","Taguig","75","Philippines"
"77","1947 Poços de Caldas Boulevard","","Chiayi","114","60951","427454485876","Chiayi","92","Taiwan"
"78","1206 Dos Quebradas Place","","São Paulo","431","20207","241832790687","Rio Claro","15","Brazil"
"79","1551 Rampur Lane","","Changhwa","108","72394","251164340471","Changhwa","92","Taiwan"
"80","602 Paarl Street","","Pavlodar","402","98889","896314772871","Pavlodar","51","Kazakstan"
"81","1692 Ede Loop","","São Paulo","30","9223","918711376618","Araçatuba","15","Brazil"
"82","936 Salzburg Lane","","Uttar Pradesh","425","96709","875756771675","Rae Bareli","44","India"
"83","586 Tete Way","","Kanagawa","256","1079","18581624103","Kamakura","50","Japan"
"84","1888 Kabul Drive","","Oyo & Osun","217","20936","701457319790","Ife","69","Nigeria"
"85","320 Baiyin Parkway","","Mahajanga","319","37307","223664661973","Mahajanga","57","Madagascar"
"86","927 Bahía Blanca Parkway","","Krim","479","9495","821972242086","Simferopol","100","Ukraine"
"87","929 Tallahassee Loop","","Gauteng","497","74671","800716535041","Springs","85","South Africa"
"88","125 Città del Vaticano Boulevard","","Puebla","40","67912","48417642933","Atlixco","60","Mexico"
"89","1557 Kütahya Boulevard","","England","88","88002","720998247660","Bradford","102","United Kingdom"
"90","870 Ashqelon Loop","","Songkhla","489","84931","135117278909","Songkhla","94","Thailand"
"91","1740 Portoviejo Avenue","","Sucre","480","29932","198123170793","Sincelejo","24","Colombia"
"92","1942 Ciparay Parkway","","Cheju","113","82624","978987363654","Cheju","86","South Korea"
"93","1926 El Alto Avenue","","Buenos Aires","289","75543","846225459260","La Plata","6","Argentina"
"94","1952 Chatsworth Drive","","Guangdong","332","25958","991562402283","Meixian","23","China"
"95","1370 Le Mans Avenue","","Brunei and Muara","53","52163","345679835036","Bandar Seri Begawan","16","Brunei"
"96","984 Effon-Alaiye Avenue","","Gois","183","17119","132986892228","Goiânia","15","Brazil"
"97","832 Nakhon Sawan Manor","","Inner Mongolia","592","49021","275595571388","Zalantun","23","China"
"98","152 Kitwe Parkway","","Caraga","82","53182","835433605312","Bislig","75","Philippines"
"99","1697 Tanauan Lane","","Punjab","399","22870","4764773857","Pathankot","44","India"
"100","1308 Arecibo Way","","Georgia","41","30695","6171054059","Augusta-Richmond County","103","United States"
"101","1599 Plock Drive","","Tete","534","71986","817248913162","Tete","63","Mozambique"
"102","669 Firozabad Loop","","Abu Dhabi","12","92265","412903167998","al-Ayn","101","United Arab Emirates"
"103","588 Vila Velha Manor","","Kyongsangbuk","268","51540","333339908719","Kimchon","86","South Korea"
"104","1913 Kamakura Place","","Lipetsk","238","97287","942570536750","Jelets","80","Russian Federation"
"105","733 Mandaluyong Place","","Asir","2","77459","196568435814","Abha","82","Saudi Arabia"
"106","659 Vaduz Drive","","Ha Darom","34","49708","709935135487","Ashdod","48","Israel"
"107","1177 Jelets Way","","Kwara & Kogi","220","3305","484292626944","Ilorin","69","Nigeria"
"108","1386 Yangor Avenue","","Provence-Alpes-Cte","543","80720","449216226468","Toulon","34","France"
"109","454 Nakhon Sawan Boulevard","","Funafuti","173","76383","963887147572","Funafuti","99","Tuvalu"
"110","1867 San Juan Bautista Tuxtepec Avenue","","Ivanovo","225","78311","547003310357","Ivanovo","80","Russian Federation"
"111","1532 Dzerzinsk Way","","Buenos Aires","334","9599","330838016880","Merlo","6","Argentina"
"112","1002 Ahmadnagar Manor","","Mxico","213","93026","371490777743","Huixquilucan","60","Mexico"
"113","682 Junan Way","","North West","273","30418","622255216127","Klerksdorp","85","South Africa"
"114","804 Elista Drive","","Hubei","159","61069","379804592943","Enshi","23","China"
"115","1378 Alvorada Avenue","","Distrito Federal","102","75834","272234298332","Caracas","104","Venezuela"
"116","793 Cam Ranh Avenue","","California","292","87057","824370924746","Lancaster","103","United States"
"117","1079 Tel Aviv-Jaffa Boulevard","","Sucre","132","10885","358178933857","Cumaná","104","Venezuela"
"118","442 Rae Bareli Place","","Nordrhein-Westfalen","148","24321","886636413768","Duisburg","38","Germany"
"119","1107 Nakhon Sawan Avenue","","Mxico","365","75149","867546627903","Nezahualcóyotl","60","Mexico"
"120","544 Malmö Parkway","","Central Java","403","63502","386759646229","Pemalang","45","Indonesia"
"121","1967 Sincelejo Place","","Gujarat","176","73644","577812616052","Gandhinagar","44","India"
"122","333 Goiânia Way","","Texas","185","78625","909029256431","Grand Prairie","103","United States"
"123","1987 Coacalco de Berriozábal Loop","","al-Qalyubiya","476","96065","787654415858","Shubra al-Khayma","29","Egypt"
"124","241 Mosul Lane","","Risaralda","147","76157","765345144779","Dos Quebradas","24","Colombia"
"125","211 Chiayi Drive","","Uttar Pradesh","164","58186","665993880048","Etawah","44","India"
"126","1175 Tanauan Way","","Lima","305","64615","937222955822","Lima","74","Peru"
"127","117 Boa Vista Way","","Uttar Pradesh","566","6804","677976133614","Varanasi (Benares)","44","India"
"128","848 Tafuna Manor","","Kütahya","281","45142","614935229095","Kütahya","97","Turkey"
"129","569 Baicheng Lane","","Gauteng","85","60304","490211944645","Boksburg","85","South Africa"
"130","1666 Qomsheh Drive","","São Paulo","410","66255","582835362905","Poá","15","Brazil"
"131","801 Hagonoy Drive","","Smolensk","484","8439","237426099212","Smolensk","80","Russian Federation"
"132","1050 Garden Grove Avenue","","Slaskie","236","4999","973047364353","Jastrzebie-Zdrój","76","Poland"
"133","1854 Tieli Street","","Shandong","302","15819","509492324775","Liaocheng","23","China"
"134","758 Junan Lane","","Gois","190","82639","935448624185","Águas Lindas de Goiás","15","Brazil"
"135","1752 São Leopoldo Parkway","","Taka-Karpatia","345","14014","252265130067","Mukatševe","100","Ukraine"
"136","898 Belém Manor","","Free State","87","49757","707169393853","Botshabelo","85","South Africa"
"137","261 Saint Louis Way","","Coahuila de Zaragoza","541","83401","321944036800","Torreón","60","Mexico"
"138","765 Southampton Drive","","al-Qalyubiya","421","4285","23712411567","Qalyub","29","Egypt"
"139","943 Johannesburg Avenue","","Maharashtra","417","5892","90921003005","Pune","44","India"
"140","788 Atšinsk Street","","Karnataka","211","81691","146497509724","Hubli-Dharwad","44","India"
"141","1749 Daxian Place","","Gelderland","29","11044","963369996279","Apeldoorn","67","Netherlands"
"142","1587 Sullana Lane","","Inner Mongolia","207","85769","468060467018","Hohhot","23","China"
"143","1029 Dzerzinsk Manor","","Ynlin","542","57519","33173584456","Touliu","92","Taiwan"
"144","1666 Beni-Mellal Place","","Tennessee","123","13377","9099941466","Clarksville","103","United States"
"145","928 Jaffna Loop","","Hiroshima","172","93762","581852137991","Fukuyama","50","Japan"
"146","483 Ljubertsy Parkway","","Scotland","149","60562","581174211853","Dundee","102","United Kingdom"
"147","374 Bat Yam Boulevard","","Kilis","266","97700","923261616249","Kilis","97","Turkey"
"148","1027 Songkhla Manor","","Minsk","340","30861","563660187896","Molodetšno","13","Belarus"
"149","999 Sanaa Loop","","Gauteng","491","3439","918032330119","Soshanguve","85","South Africa"
"150","879 Newcastle Way","","Michigan","499","90732","206841104594","Sterling Heights","103","United States"
"151","1337 Lincoln Parkway","","Saitama","555","99457","597815221267","Urawa","50","Japan"
"152","1952 Pune Lane","","Saint-Denis","442","92150","354615066969","Saint-Denis","79","Réunion"
"153","782 Mosul Street","","Massachusetts","94","25545","885899703621","Brockton","103","United States"
"154","781 Shimonoseki Drive","","Michoacn de Ocampo","202","95444","632316273199","Hidalgo","60","Mexico"
"155","1560 Jelets Boulevard","","Shandong","291","77777","189446090264","Laiwu","23","China"
"156","1963 Moscow Place","","Assam","354","64863","761379480249","Nagaon","44","India"
"157","456 Escobar Way","","Jakarta Raya","232","36061","719202533520","Jakarta","45","Indonesia"
"158","798 Cianjur Avenue","","Shanxi","590","76990","499408708580","Yuncheng","23","China"
"159","185 Novi Sad Place","","Bern","72","41778","904253967161","Bern","91","Switzerland"
"160","1367 Yantai Manor","","Ondo & Ekiti","381","21294","889538496300","Ondo","69","Nigeria"
"161","1386 Nakhon Sawan Boulevard","","Pyongyang-si","420","53502","368899174225","Pyongyang","70","North Korea"
"162","369 Papeete Way","","North Carolina","187","66639","170117068815","Greensboro","103","United States"
"163","1440 Compton Place","","North Austria","307","81037","931059836497","Linz","9","Austria"
"164","1623 Bahía Blanca Manor","","Moskova","310","81511","149981248346","Ljubertsy","80","Russian Federation"
"165","97 Shimoga Avenue","","Tel Aviv","533","44660","177167004331","Tel Aviv-Jaffa","48","Israel"
"166","1740 Le Mans Loop","","Pays de la Loire","297","22853","168476538960","Le Mans","34","France"
"167","1287 Xi´angfan Boulevard","","Gifu","253","57844","819416131190","Kakamigahara","50","Japan"
"168","842 Salzburg Lane","","Adana","529","3313","697151428760","Tarsus","97","Turkey"
"169","154 Tallahassee Loop","","Xinxiang","199","62250","935508855935","Hami","23","China"
"170","710 San Felipe del Progreso Avenue","","Lilongwe","304","76901","843801144113","Lilongwe","58","Malawi"
"171","1540 Wroclaw Drive","","Maharashtra","107","62686","182363341674","Chandrapur","44","India"
"172","475 Atšinsk Way","","Gansu","240","59571","201705577290","Jinchang","23","China"
"173","1294 Firozabad Drive","","Ji´angxi","407","70618","161801569569","Pingxiang","23","China"
"174","1877 Ezhou Lane","","Rajasthan","550","63337","264541743403","Udaipur","44","India"
"175","316 Uruapan Street","","Perak","223","58194","275788967899","Ipoh","59","Malaysia"
"176","29 Pyongyang Loop","","Batman","58","47753","734780743462","Batman","97","Turkey"
"177","1010 Klerksdorp Way","","Steiermark","186","6802","493008546874","Graz","9","Austria"
"178","1848 Salala Boulevard","","Miranda","373","25220","48265851133","Ocumare del Tuy","104","Venezuela"
"179","431 Xi´angtan Avenue","","Kerala","18","4854","230250973122","Allappuzha (Alleppey)","44","India"
"180","757 Rustenburg Avenue","","Skikda","483","89668","506134035434","Skikda","2","Algeria"
"181","146 Johannesburg Way","","Tamaulipas","330","54132","953689007081","Matamoros","60","Mexico"
"182","1891 Rizhao Boulevard","","São Paulo","456","47288","391065549876","Santa Bárbara d´Oeste","15","Brazil"
"183","1089 Iwatsuki Avenue","","Kirov","270","35109","866092335135","Kirovo-Tšepetsk","80","Russian Federation"
"184","1410 Benin City Parkway","","Risaralda","405","29747","104150372603","Pereira","24","Colombia"
"185","682 Garden Grove Place","","Tennessee","333","67497","72136330362","Memphis","103","United States"
"186","533 al-Ayn Boulevard","","California","126","8862","662227486184","Compton","103","United States"
"187","1839 Székesfehérvár Parkway","","Gois","317","55709","947468818183","Luziânia","15","Brazil"
"188","741 Ambattur Manor","","Noord-Brabant","438","43310","302590383819","´s-Hertogenbosch","67","Netherlands"
"189","927 Barcelona Street","","Chaharmahal va Bakht","467","65121","951486492670","Shahr-e Kord","46","Iran"
"190","435 0 Way","","West Bengali","195","74750","760171523969","Haldia","44","India"
"191","140 Chiayi Parkway","","Sumy","506","38982","855863906434","Sumy","100","Ukraine"
"192","1166 Changhwa Street","","Caraga","62","58852","650752094490","Bayugan","75","Philippines"
"193","891 Novi Sad Manor","","Ontario","383","5379","247646995453","Oshawa","20","Canada"
"194","605 Rio Claro Parkway","","Tabora","513","49348","352469351088","Tabora","93","Tanzania"
"195","1077 San Felipe de Puerto Plata Place","","Rostov-na-Donu","369","65387","812824036424","Novotšerkassk","80","Russian Federation"
"196","9 San Miguel de Tucumán Manor","","Uttar Pradesh","169","90845","956188728558","Firozabad","44","India"
"197","447 Surakarta Loop","","Nyanza","271","10428","940830176580","Kisumu","52","Kenya"
"198","345 Oshawa Boulevard","","Tokyo-to","204","32114","104491201771","Hino","50","Japan"
"199","1792 Valle de la Pascua Place","","Nordrhein-Westfalen","477","15540","419419591240","Siegen","38","Germany"
"200","1074 Binzhou Manor","","Baden-Wrttemberg","325","36490","331132568928","Mannheim","38","Germany"
"201","817 Bradford Loop","","Ji´angsu","109","89459","264286442804","Changzhou","23","China"
"202","955 Bamenda Way","","Ondo & Ekiti","218","1545","768481779568","Ikerre","69","Nigeria"
"203","1149 A Coruña (La Coruña) Boulevard","","Haiphong","194","95824","470884141195","Haiphong","105","Vietnam"
"204","387 Mwene-Ditu Drive","","Ahal","35","8073","764477681869","Ashgabat","98","Turkmenistan"
"205","68 Molodetšno Manor","","Nordrhein-Westfalen","575","4662","146640639760","Witten","38","Germany"
"206","642 Nador Drive","","Maharashtra","77","3924","369050085652","Bhusawal","44","India"
"207","1688 Nador Lane","","Sulawesi Utara","184","61613","652218196731","Gorontalo","45","Indonesia"
"208","1215 Pyongyang Parkway","","Usak","557","25238","646237101779","Usak","97","Turkey"
"209","1679 Antofagasta Street","","Alto Paran","122","86599","905903574913","Ciudad del Este","73","Paraguay"
"210","1304 ´s-Hertogenbosch Way","","Santa Catarina","83","10925","90336226227","Blumenau","15","Brazil"
"211","850 Salala Loop","","Kitaa","371","10800","403404780639","Nuuk","40","Greenland"
"212","624 Oshawa Boulevard","","West Bengali","51","89959","49677664184","Balurghat","44","India"
"213","43 Dadu Avenue","","Rajasthan","74","4855","95666951770","Bhilwara","44","India"
"214","751 Lima Loop","","Aden","7","99405","756460337785","Aden","107","Yemen"
"215","1333 Haldia Street","","Jilin","174","82161","408304391718","Fuyu","23","China"
"216","660 Jedda Boulevard","","Washington","65","25053","168758068397","Bellevue","103","United States"
"217","1001 Miyakonojo Lane","","Taizz","518","67924","584316724815","Taizz","107","Yemen"
"218","226 Brest Manor","","California","508","2299","785881412500","Sunnyvale","103","United States"
"219","1229 Valencia Parkway","","Haskovo","498","99124","352679173732","Stara Zagora","17","Bulgaria"
"220","1201 Qomsheh Manor","","Gois","28","21464","873492228462","Aparecida de Goiânia","15","Brazil"
"221","866 Shivapuri Manor","","Uttar Pradesh","448","22474","778502731092","Sambhal","44","India"
"222","1168 Najafabad Parkway","","Kabol","251","40301","886649065861","Kabul","1","Afghanistan"
"223","1244 Allappuzha (Alleppey) Place","","Buenos Aires","567","20657","991802825778","Vicente López","6","Argentina"
"224","1842 Luziânia Boulevard","","Zanzibar West","593","94420","706878974831","Zanzibar","93","Tanzania"
"225","1926 Gingoog Street","","Sisilia","511","22824","469738825391","Syrakusa","49","Italy"
"226","810 Palghat (Palakkad) Boulevard","","Jaroslavl","235","73431","516331171356","Jaroslavl","80","Russian Federation"
"227","1820 Maringá Parkway","","Punjab","324","88307","99760893676","Mandi Bahauddin","72","Pakistan"
"228","60 Poços de Caldas Street","","Rajasthan","243","82338","963063788669","Jodhpur","44","India"
"229","1014 Loja Manor","","Tamil Nadu","22","66851","460795526514","Ambattur","44","India"
"230","201 Effon-Alaiye Way","","Asunción","37","64344","684192903087","Asunción","73","Paraguay"
"231","430 Alessandria Loop","","Saarland","439","47446","669828224459","Saarbrücken","38","Germany"
"232","754 Valencia Place","","Phnom Penh","406","87911","594319417514","Phnom Penh","18","Cambodia"
"233","356 Olomouc Manor","","Gois","26","93323","22326410776","Anápolis","15","Brazil"
"234","1256 Bislig Boulevard","","Botosani","86","50598","479007229460","Botosani","78","Romania"
"235","954 Kimchon Place","","West Bengali","559","42420","541327526474","Uttarpara-Kotrung","44","India"
"236","885 Yingkou Manor","","Kaduna","596","31390","588964509072","Zaria","69","Nigeria"
"237","1736 Cavite Place","","Qina","216","98775","431770603551","Idfu","29","Egypt"
"238","346 Skikda Parkway","","Hawalli","233","90628","630424482919","Jalib al-Shuyukh","53","Kuwait"
"239","98 Stara Zagora Boulevard","","Valle","96","76448","610173756082","Buenaventura","24","Colombia"
"240","1479 Rustenburg Boulevard","","Southern Tagalog","527","18727","727785483194","Tanza","75","Philippines"
"241","647 A Coruña (La Coruña) Street","","Chollanam","357","36971","792557457753","Naju","86","South Korea"
"242","1964 Gijón Manor","","Karnataka","473","14408","918119601885","Shimoga","44","India"
"243","47 Syktyvkar Lane","","West Java","118","22236","63937119031","Ciomas","45","Indonesia"
"244","1148 Saarbrücken Parkway","","Fukushima","226","1921","137773001988","Iwaki","50","Japan"
"245","1103 Bilbays Parkway","","Hubei","578","87660","279979529227","Xi´angfan","23","China"
"246","1246 Boksburg Parkway","","Hebei","422","28349","890283544295","Qinhuangdao","23","China"
"247","1483 Pathankot Street","","Tucumn","454","37288","686015532180","San Miguel de Tucumán","6","Argentina"
"248","582 Papeete Loop","","Central Visayas","294","27722","569868543137","Lapu-Lapu","75","Philippines"
"249","300 Junan Street","","Kyonggi","553","81314","890289150158","Uijongbu","86","South Korea"
"250","829 Grand Prairie Way","","Paraná","328","6461","741070712873","Maringá","15","Brazil"
"251","1473 Changhwa Parkway","","Mxico","124","75933","266798132374","Coacalco de Berriozábal","60","Mexico"
"252","1309 Weifang Street","","Florida","520","57338","435785045362","Tallahassee","103","United States"
"253","1760 Oshawa Manor","","Tianjin","535","38140","56257502250","Tianjin","23","China"
"254","786 Stara Zagora Way","","Oyo & Osun","390","98332","716256596301","Oyo","69","Nigeria"
"255","1966 Tonghae Street","","Anhalt Sachsen","198","36481","567359279425","Halle/Saale","38","Germany"
"256","1497 Yuzhou Drive","","England","312","3433","246810237916","London","102","United Kingdom"
"258","752 Ondo Loop","","Miyazaki","338","32474","134673576619","Miyakonojo","50","Japan"
"259","1338 Zalantun Lane","","Minas Gerais","413","45403","840522972766","Poços de Caldas","15","Brazil"
"260","127 Iwakuni Boulevard","","Central Luzon","192","20777","987442542471","Hagonoy","75","Philippines"
"261","51 Laredo Avenue","","Sagaing","342","68146","884536620568","Monywa","64","Myanmar"
"262","771 Yaoundé Manor","","Sofala","64","86768","245477603573","Beira","63","Mozambique"
"263","532 Toulon Street","","Santiago","460","69517","46871694740","Santiago de los Caballeros","27","Dominican Republic"
"264","1027 Banjul Place","","West Bengali","197","50390","538241037443","Halisahar","44","India"
"265","1158 Mandi Bahauddin Parkway","","Shanxi","136","98484","276555730211","Datong","23","China"
"266","862 Xintai Lane","","Cagayan Valley","548","30065","265153400632","Tuguegarao","75","Philippines"
"267","816 Cayenne Parkway","","Manab","414","93629","282874611748","Portoviejo","28","Ecuador"
"268","1831 Nam Dinh Loop","","National Capital Reg","323","51990","322888976727","Mandaluyong","75","Philippines"
"269","446 Kirovo-Tšepetsk Lane","","Osaka","203","19428","303967439816","Higashiosaka","50","Japan"
"270","682 Halisahar Place","","Severn Morava","378","20536","475553436330","Olomouc","26","Czech Republic"
"271","1587 Loja Manor","","Salzburg","447","5410","621625204422","Salzburg","9","Austria"
"272","1762 Paarl Parkway","","Hunan","298","53928","192459639410","Lengshuijiang","23","China"
"273","1519 Ilorin Place","","Kerala","395","49298","357445645426","Palghat (Palakkad)","44","India"
"274","920 Kumbakonam Loop","","California","446","75090","685010736240","Salinas","103","United States"
"275","906 Goiânia Way","","Wielkopolskie","255","83565","701767622697","Kalisz","76","Poland"
"276","1675 Xi´angfan Manor","","Tamil Nadu","283","11763","271149517630","Kumbakonam","44","India"
"277","85 San Felipe de Puerto Plata Drive","","Shandong","584","46063","170739645687","Yantai","23","China"
"278","144 South Hill Loop","","Guanajuato","445","2012","45387294817","Salamanca","60","Mexico"
"279","1884 Shikarpur Avenue","","Haryana","263","85548","959949395183","Karnal","44","India"
"280","1980 Kamjanets-Podilskyi Street","","Illinois","404","89502","874337098891","Peoria","103","United States"
"281","1944 Bamenda Way","","Michigan","573","24645","75975221996","Warren","103","United States"
"282","556 Baybay Manor","","Oyo & Osun","374","55802","363982224739","Ogbomosho","69","Nigeria"
"283","457 Tongliao Loop","","Bursa","222","56254","880756161823","Inegöl","97","Turkey"
"284","600 Bradford Street","","East Azerbaidzan","514","96204","117592274996","Tabriz","46","Iran"
"285","1006 Santa Bárbara d´Oeste Manor","","Ondo & Ekiti","389","36229","85059738746","Owo","69","Nigeria"
"286","1308 Sumy Loop","","Fujian","175","30657","583021225407","Fuzhou","23","China"
"287","1405 Chisinau Place","","Ponce","411","8160","62781725285","Ponce","77","Puerto Rico"
"288","226 Halifax Street","","Xinxiang","277","58492","790651020929","Korla","23","China"
"289","1279 Udine Parkway","","Edo & Delta","69","75860","195003555232","Benin City","69","Nigeria"
"290","1336 Benin City Drive","","Shiga","386","46044","341242939532","Otsu","50","Japan"
"291","1155 Liaocheng Place","","Oyo & Osun","152","22650","558236142492","Effon-Alaiye","69","Nigeria"
"292","1993 Tabuk Lane","","Tamil Nadu","522","64221","648482415405","Tambaram","44","India"
"293","86 Higashiosaka Lane","","Guanajuato","563","33768","957128697225","Valle de Santiago","60","Mexico"
"294","1912 Allende Manor","","Kowloon and New Kowl","279","58124","172262454487","Kowloon and New Kowloon","42","Hong Kong"
"295","544 Tarsus Boulevard","","Gurico","562","53145","892523334","Valle de la Pascua","104","Venezuela"
"296","1936 Cumaná Avenue","","Virginia","433","61195","976798660411","Roanoke","103","United States"
"297","1192 Tongliao Street","","Sharja","470","19065","350970907017","Sharja","101","United Arab Emirates"
"298","44 Najafabad Way","","Baskimaa","146","61391","96604821070","Donostia-San Sebastián","87","Spain"
"299","32 Pudukkottai Lane","","Ohio","140","38834","967274728547","Dayton","103","United States"
"300","661 Chisinau Lane","","Pietari","274","8856","816436065431","Kolpino","80","Russian Federation"
"301","951 Stara Zagora Manor","","Punjab","400","98573","429925609431","Patiala","44","India"
"302","922 Vila Velha Loop","","Maharashtra","9","4085","510737228015","Ahmadnagar","44","India"
"303","898 Jining Lane","","Pohjois-Pohjanmaa","387","40070","161643343536","Oulu","33","Finland"
"304","1635 Kuwana Boulevard","","Hiroshima","205","52137","710603868323","Hiroshima","50","Japan"
"305","41 El Alto Parkway","","Maharashtra","398","56883","51917807050","Parbhani","44","India"
"306","1883 Maikop Lane","","Kaliningrad","254","68469","96110042435","Kaliningrad","80","Russian Federation"
"307","1908 Gaziantep Place","","Liaoning","536","58979","108053751300","Tiefa","23","China"
"308","687 Alessandria Parkway","","Sanaa","455","57587","407218522294","Sanaa","107","Yemen"
"309","827 Yuncheng Drive","","Callao","99","79047","504434452842","Callao","74","Peru"
"310","913 Coacalco de Berriozábal Loop","","Texas","33","42141","262088367001","Arlington","103","United States"
"311","715 São Bernardo do Campo Lane","","Kedah","507","84804","181179321332","Sungai Petani","59","Malaysia"
"312","1354 Siegen Street","","Rio de Janeiro","25","80184","573441801529","Angra dos Reis","15","Brazil"
"313","1191 Sungai Petani Boulevard","","Missouri","262","9668","983259819766","Kansas City","103","United States"
"314","1224 Huejutla de Reyes Boulevard","","Lombardia","91","70923","806016930576","Brescia","49","Italy"
"315","543 Bergamo Avenue","","Minas Gerais","215","59686","103602195112","Ibirité","15","Brazil"
"316","746 Joliet Lane","","Kursk","286","94878","688485191923","Kursk","80","Russian Federation"
"317","780 Kimberley Way","","Tabuk","515","17032","824396883951","Tabuk","82","Saudi Arabia"
"318","1774 Yaoundé Place","","Hubei","166","91400","613124286867","Ezhou","23","China"
"319","1957 Yantai Lane","","São Paulo","490","59255","704948322302","Sorocaba","15","Brazil"
"320","1542 Lubumbashi Boulevard","","Tel Aviv","57","62472","508800331065","Bat Yam","48","Israel"
"321","651 Pathankot Loop","","Maharashtra","336","59811","139378397418","Miraj","44","India"
"322","1359 Zhoushan Parkway","","Streymoyar","545","29763","46568045367","Tórshavn","32","Faroe Islands"
"323","1769 Iwaki Lane","","Kujawsko-Pomorskie","97","25787","556100547674","Bydgoszcz","76","Poland"
"324","1145 Vilnius Manor","","Mxico","451","73170","674805712553","San Felipe del Progreso","60","Mexico"
"325","1892 Nabereznyje Tšelny Lane","","Tutuila","516","28396","478229987054","Tafuna","3","American Samoa"
"326","470 Boksburg Street","","Central","81","97960","908029859266","Birgunj","66","Nepal"
"327","1427 A Coruña (La Coruña) Place","","Buenos Aires","45","85799","972574862516","Bahía Blanca","6","Argentina"
"328","479 San Felipe del Progreso Avenue","","Morelos","130","54949","869051782691","Cuautla","60","Mexico"
"329","867 Benin City Avenue","","Henan","591","78543","168884817145","Yuzhou","23","China"
"330","981 Kumbakonam Place","","Distrito Federal","89","87611","829116184079","Brasília","15","Brazil"
"331","1016 Iwakuni Street","","St George","269","49833","961370847344","Kingstown","81","Saint Vincent and the Grenadines"
"332","663 Bahía Blanca Parkway","","Adana","5","33463","834418779292","Adana","97","Turkey"
"333","1860 Taguig Loop","","West Java","119","59550","38158430589","Ciparay","45","Indonesia"
"334","1816 Bydgoszcz Loop","","Dhaka","234","64308","965273813662","Jamalpur","12","Bangladesh"
"335","587 Benguela Manor","","Illinois","42","91590","165450987037","Aurora","103","United States"
"336","430 Kumbakonam Drive","","Santa Fé","457","28814","105470691550","Santa Fé","6","Argentina"
"337","1838 Tabriz Lane","","Dhaka","143","1195","38988715447","Dhaka","12","Bangladesh"
"338","431 Székesfehérvár Avenue","","Baki","48","57828","119501405123","Baku","10","Azerbaijan"
"339","503 Sogamoso Loop","","Sumqayit","505","49812","834626715837","Sumqayit","10","Azerbaijan"
"340","507 Smolensk Loop","","Sousse","492","22971","80303246192","Sousse","96","Tunisia"
"341","1920 Weifang Avenue","","Uttar Pradesh","427","15643","869507847714","Rampur","44","India"
"342","124 al-Manama Way","","Hiroshima","382","52368","647899404952","Onomichi","50","Japan"
"343","1443 Mardan Street","","Western Cape","392","31483","231383037471","Paarl","85","South Africa"
"344","1909 Benguela Lane","","Henan","581","19913","624138001031","Xinxiang","23","China"
"345","68 Ponce Parkway","","Hanoi","201","85926","870635127812","Hanoi","105","Vietnam"
"346","1217 Konotop Avenue","","Gelderland","151","504","718917251754","Ede","67","Netherlands"
"347","1293 Nam Dinh Way","","Roraima","84","71583","697656479977","Boa Vista","15","Brazil"
"348","785 Vaduz Street","","Baja California","335","36170","895616862749","Mexicali","60","Mexico"
"349","1516 Escobar Drive","","Tongatapu","370","46069","64536069371","Nuku´alofa","95","Tonga"
"350","1628 Nagareyama Lane","","Central","453","60079","20064292617","San Lorenzo","73","Paraguay"
"351","1157 Nyeri Loop","","Adygea","320","56380","262744791493","Maikop","80","Russian Federation"
"352","1673 Tangail Drive","","Daugavpils","137","26857","627924259271","Daugavpils","54","Latvia"
"353","381 Kabul Way","","Taipei","209","87272","55477302294","Hsichuh","92","Taiwan"
"354","953 Hodeida Street","","Southern Tagalog","221","18841","53912826864","Imus","75","Philippines"
"355","469 Nakhon Sawan Street","","Tuvassia","531","58866","689199636560","Tšeboksary","80","Russian Federation"
"356","1378 Beira Loop","","Krasnojarsk","597","40792","840957664136","Zeleznogorsk","80","Russian Federation"
"357","1641 Changhwa Place","","Nord-Ouest","52","37636","256546485220","Bamenda","19","Cameroon"
"358","1698 Southport Loop","","Hidalgo","393","49009","754358349853","Pachuca de Soto","60","Mexico"
"359","519 Nyeri Manor","","São Paulo","461","37650","764680915323","Santo André","15","Brazil"
"360","619 Huánuco Avenue","","Shimane","331","81508","142596392389","Matsue","50","Japan"
"361","45 Aparecida de Goiânia Place","","Madhya Pradesh","464","7431","650496654258","Satna","44","India"
"362","482 Kowloon and New Kowloon Manor","","Bratislava","90","97056","738968474939","Bratislava","84","Slovakia"
"363","604 Bern Place","","Jharkhand","429","5373","620719383725","Ranchi","44","India"
"364","1623 Kingstown Drive","","Buenos Aires","20","91299","296394569728","Almirante Brown","6","Argentina"
"365","1009 Zanzibar Lane","","Arecibo","32","64875","102396298916","Arecibo","77","Puerto Rico"
"366","114 Jalib al-Shuyukh Manor","","Centre","585","60440","845378657301","Yaoundé","19","Cameroon"
"367","1163 London Parkway","","Par","66","6066","675120358494","Belém","15","Brazil"
"368","1658 Jastrzebie-Zdrój Loop","","Central","372","96584","568367775448","Nyeri","52","Kenya"
"369","817 Laredo Avenue","","Jalisco","188","77449","151249681135","Guadalajara","60","Mexico"
"370","1565 Tangail Manor","","Okinawa","377","45750","634445428822","Okinawa","50","Japan"
"371","1912 Emeishan Drive","","Balikesir","50","33050","99883471275","Balikesir","97","Turkey"
"372","230 Urawa Drive","","Andhra Pradesh","8","2738","166898395731","Adoni","44","India"
"373","1922 Miraj Way","","Esfahan","356","13203","320471479776","Najafabad","46","Iran"
"374","433 Florencia Street","","Chihuahua","250","91330","561729882725","Juárez","60","Mexico"
"375","1049 Matamoros Parkway","","Karnataka","191","69640","960505250340","Gulbarga","44","India"
"376","1061 Ede Avenue","","Southern Tagalog","98","57810","333390595558","Cabuyao","75","Philippines"
"377","154 Oshawa Manor","","East Java","415","72771","440365973660","Probolinggo","45","Indonesia"
"378","1191 Tandil Drive","","Southern Tagalog","523","6362","45554316010","Tanauan","75","Philippines"
"379","1133 Rizhao Avenue","","Pernambuco","572","2800","600264533987","Vitória de Santo Antão","15","Brazil"
"380","1519 Santiago de los Caballeros Loop","","East Kasai","348","22025","409315295763","Mwene-Ditu","25","Congo, The Democratic Republic of the"
"381","1618 Olomouc Manor","","Kurgan","285","26385","96846695220","Kurgan","80","Russian Federation"
"382","220 Hidalgo Drive","","Kermanshah","265","45298","342720754566","Kermanshah","46","Iran"
"383","686 Donostia-San Sebastián Lane","","Guangdong","471","97390","71857599858","Shenzhen","23","China"
"384","97 Mogiljov Lane","","Gujarat","73","89294","924815207181","Bhavnagar","44","India"
"385","1642 Charlotte Amalie Drive","","Slaskie","549","75442","821476736117","Tychy","76","Poland"
"386","1368 Maracaíbo Boulevard","","","493","32716","934352415130","South Hill","5","Anguilla"
"387","401 Sucre Boulevard","","New Hampshire","322","25007","486395999608","Manchester","103","United States"
"388","368 Huánuco Boulevard","","Namibe","360","17165","106439158941","Namibe","4","Angola"
"389","500 Lincoln Parkway","","Ji´angsu","210","95509","550306965159","Huai´an","23","China"
"390","102 Chapra Drive","","Ibaragi","521","14073","776031833752","Tama","50","Japan"
"391","1793 Meixian Place","","Hmelnytskyi","258","33535","619966287415","Kamjanets-Podilskyi","100","Ukraine"
"392","514 Ife Way","","Shaba","315","69973","900235712074","Lubumbashi","25","Congo, The Democratic Republic of the"
"393","717 Changzhou Lane","","Southern Tagalog","104","21615","426255288071","Cavite","75","Philippines"
"394","753 Ilorin Avenue","","Sichuan","157","3656","464511145118","Emeishan","23","China"
"395","1337 Mit Ghamr Avenue","","Nakhon Sawan","358","29810","175283210378","Nakhon Sawan","94","Thailand"
"396","767 Pyongyang Drive","","Osaka","229","83536","667736124769","Izumisano","50","Japan"
"397","614 Pak Kret Street","","Addis Abeba","6","27796","47808359842","Addis Abeba","31","Ethiopia"
"398","954 Lapu-Lapu Way","","Moskova","278","8816","737229003916","Korolev","80","Russian Federation"
"399","331 Bydgoszcz Parkway","","Asturia","181","966","537374465982","Gijón","87","Spain"
"400","1152 Citrus Heights Manor","","al-Qadarif","15","5239","765957414528","al-Qadarif","89","Sudan"
"401","168 Cianjur Manor","","Saitama","228","73824","679095087143","Iwatsuki","50","Japan"
"402","616 Hagonoy Avenue","","Krasnojarsk","39","46043","604177838256","Atšinsk","80","Russian Federation"
"403","1190 0 Place","","Rio Grande do Sul","44","10417","841876514789","Bagé","15","Brazil"
"404","734 Béchar Place","","Punjab","375","30586","280578750435","Okara","72","Pakistan"
"405","530 Lausanne Lane","","Texas","135","11067","775235029633","Dallas","103","United States"
"406","454 Patiala Lane","","Fukushima","276","13496","794553031307","Koriyama","50","Japan"
"407","1346 Mysore Drive","","Bretagne","92","61507","516647474029","Brest","34","France"
"408","990 Etawah Loop","","Tamil Nadu","564","79940","206169448769","Valparai","44","India"
"409","1266 Laredo Parkway","","Saitama","380","7664","1483365694","Omiya","50","Japan"
"410","88 Nagaon Manor","","Buenos Aires","524","86868","779461480495","Tandil","6","Argentina"
"411","264 Bhimavaram Manor","","St Thomas","111","54749","302526949177","Charlotte Amalie","106","Virgin Islands, U.S."
"412","1639 Saarbrücken Drive","","North West","437","9827","328494873422","Rustenburg","85","South Africa"
"413","692 Amroha Drive","","Northern","230","35575","359478883004","Jaffna","88","Sri Lanka"
"414","1936 Lapu-Lapu Parkway","","Bauchi & Gombe","141","7122","653436985797","Deba Habe","69","Nigeria"
"415","432 Garden Grove Street","","Ontario","430","65630","615964523510","Richmond Hill","20","Canada"
"416","1445 Carmen Parkway","","West Java","117","70809","598912394463","Cianjur","45","Indonesia"
"417","791 Salinas Street","","Punjab","208","40509","129953030512","Hoshiarpur","44","India"
"418","126 Acuña Parkway","","West Bengali","71","58888","480039662421","Berhampore (Baharampur)","44","India"
"419","397 Sunnyvale Avenue","","Guanajuato","19","55566","680851640676","Allende","60","Mexico"
"420","992 Klerksdorp Loop","","Utrecht","23","33711","855290087237","Amersfoort","67","Netherlands"
"421","966 Arecibo Loop","","Sind","134","94018","15273765306","Dadu","72","Pakistan"
"422","289 Santo André Manor","","al-Sharqiya","16","72410","214976066017","al-Qatif","82","Saudi Arabia"
"423","437 Chungho Drive","","Puerto Plata","450","59489","491271355190","San Felipe de Puerto Plata","27","Dominican Republic"
"424","1948 Bayugan Parkway","","Bihar","264","60622","987306329957","Katihar","44","India"
"425","1866 al-Qatif Avenue","","California","155","89420","546793516940","El Monte","103","United States"
"426","1661 Abha Drive","","Tamil Nadu","416","14400","270456873752","Pudukkottai","44","India"
"427","1557 Cape Coral Parkway","","Hubei","293","46875","368284120423","Laohekou","23","China"
"428","1727 Matamoros Place","","Sawhaj","465","78813","129673677866","Sawhaj","29","Egypt"
"429","1269 Botosani Manor","","Guangdong","468","47394","736517327853","Shanwei","23","China"
"430","355 Vitória de Santo Antão Way","","Oaxaca","452","81758","548003849552","San Juan Bautista Tuxtepec","60","Mexico"
"431","1596 Acuña Parkway","","Jharkhand","418","70425","157133457169","Purnea (Purnia)","44","India"
"432","259 Ipoh Drive","","São Paulo","189","64964","419009857119","Guarujá","15","Brazil"
"433","1823 Hoshiarpur Lane","","Komi","510","33191","307133768620","Syktyvkar","80","Russian Federation"
"434","1404 Taguig Drive","","Okayama","547","87212","572068624538","Tsuyama","50","Japan"
"435","740 Udaipur Lane","","Nizni Novgorod","150","33505","497288595103","Dzerzinsk","80","Russian Federation"
"436","287 Cuautla Boulevard","","Chuquisaca","501","72736","82619513349","Sucre","14","Bolivia"
"437","1766 Almirante Brown Street","","KwaZulu-Natal","364","63104","617567598243","Newcastle","85","South Africa"
"438","596 Huixquilucan Place","","Nampula","351","65892","342709348083","Naçala-Porto","63","Mozambique"
"439","1351 Aparecida de Goiânia Parkway","","Northern Mindanao","391","41775","959834530529","Ozamis","75","Philippines"
"440","722 Bradford Lane","","Shandong","249","90920","746251338300","Junan","23","China"
"441","983 Santa Fé Way","","British Colombia","565","47472","145720452260","Vancouver","20","Canada"
"442","1245 Ibirité Way","","La Romana","290","40926","331888642162","La Romana","27","Dominican Republic"
"443","1836 Korla Parkway","","Copperbelt","272","55405","689681677428","Kitwe","109","Zambia"
"444","231 Kaliningrad Place","","Lombardia","70","57833","575081026569","Bergamo","49","Italy"
"445","495 Bhimavaram Lane","","Maharashtra","144","3","82088937724","Dhule (Dhulia)","44","India"
"446","1924 Shimonoseki Drive","","Batna","59","52625","406784385440","Batna","2","Algeria"
"447","105 Dzerzinsk Manor","","Inner Mongolia","540","48570","240776414296","Tongliao","23","China"
"448","614 Denizli Parkway","","Rio Grande do Sul","486","29444","876491807547","São Leopoldo","15","Brazil"
"449","1289 Belém Boulevard","","Tartumaa","530","88306","237368926031","Tartu","30","Estonia"
"450","203 Tambaram Street","","Buenos Aires","161","73942","411549550611","Escobar","6","Argentina"
"451","1704 Tambaram Manor","","West Bengali","554","2834","39463554936","Uluberia","44","India"
"452","207 Cuernavaca Loop","","Tatarstan","352","52671","782900030287","Nabereznyje Tšelny","80","Russian Federation"
"453","319 Springs Loop","","Baijeri","160","99552","72524459905","Erlangen","38","Germany"
"454","956 Nam Dinh Manor","","Kerman","481","21872","474047727727","Sirjan","46","Iran"
"455","1947 Paarl Way","","Central Java","509","23636","834061016202","Surakarta","45","Indonesia"
"456","814 Simferopol Loop","","Sinaloa","154","48745","524567129902","El Fuerte","60","Mexico"
"457","535 Ahmadnagar Manor","","Abu Dhabi","3","41136","985109775584","Abu Dhabi","101","United Arab Emirates"
"458","138 Caracas Boulevard","","Zulia","326","16790","974433019532","Maracaíbo","104","Venezuela"
"459","251 Florencia Drive","","Michoacn de Ocampo","556","16119","118011831565","Uruapan","60","Mexico"
"460","659 Gatineau Boulevard","","La Paz","153","28587","205524798287","El Alto","14","Bolivia"
"461","1889 Valparai Way","","Ziguinchor","600","75559","670370974122","Ziguinchor","83","Senegal"
"462","1485 Bratislava Place","","Illinois","435","83183","924663855568","Rockford","103","United States"
"463","935 Aden Boulevard","","Central Java","532","64709","335052544020","Tegal","45","Indonesia"
"464","76 Kermanshah Manor","","Esfahan","423","23343","762361821578","Qomsheh","46","Iran"
"465","734 Tanshui Avenue","","Caquet","170","70664","366776723320","Florencia","24","Colombia"
"466","118 Jaffna Loop","","Northern Mindanao","182","10447","325526730021","Gingoog","75","Philippines"
"467","1621 Tongliao Avenue","","Irkutsk","558","22173","209342540247","Usolje-Sibirskoje","80","Russian Federation"
"468","1844 Usak Avenue","","Nova Scotia","196","84461","164414772677","Halifax","20","Canada"
"469","1872 Toulon Loop","","OHiggins","428","7939","928809465153","Rancagua","22","Chile"
"470","1088 Ibirité Place","","Jalisco","595","88502","49084281333","Zapopan","60","Mexico"
"471","1322 Mosul Parkway","","Shandong","145","95400","268053970382","Dongying","23","China"
"472","1447 Chatsworth Place","","Chihuahua","129","41545","769370126331","Cuauhtémoc","60","Mexico"
"473","1257 Guadalajara Street","","Karnataka","78","33599","195337700615","Bijapur","44","India"
"474","1469 Plock Lane","","Galicia","388","95835","622884741180","Ourense (Orense)","87","Spain"
"475","434 Ourense (Orense) Manor","","Hodeida","206","14122","562370137426","Hodeida","107","Yemen"
"476","270 Tambaram Parkway","","Gauteng","244","9668","248446668735","Johannesburg","85","South Africa"
"477","1786 Salinas Place","","Nam Ha","359","66546","206060652238","Nam Dinh","105","Vietnam"
"478","1078 Stara Zagora Drive","","Aceh","301","69221","932992626595","Lhokseumawe","45","Indonesia"
"479","1854 Okara Boulevard","","Drenthe","158","42123","131912793873","Emmen","67","Netherlands"
"480","421 Yaoundé Street","","Sumy","385","11363","726875628268","Šostka","100","Ukraine"
"481","1153 Allende Way","","Québec","179","20336","856872225376","Gatineau","20","Canada"
"482","808 Naçala-Porto Parkway","","England","500","41060","553452430707","Stockport","102","United Kingdom"
"483","632 Usolje-Sibirskoje Parkway","","Ha Darom","36","73085","667648979883","Ashqelon","48","Israel"
"484","98 Pyongyang Boulevard","","Ohio","11","88749","191958435142","Akron","103","United States"
"485","984 Novotšerkassk Loop","","Gaziantep","180","28165","435118527255","Gaziantep","97","Turkey"
"486","64 Korla Street","","Mwanza","347","25145","510383179153","Mwanza","93","Tanzania"
"487","1785 São Bernardo do Campo Street","","Veracruz","125","71182","684529463244","Coatzacoalcos","60","Mexico"
"488","698 Jelets Boulevard","","Denizli","142","2596","975185523021","Denizli","97","Turkey"
"489","1297 Alvorada Parkway","","Ningxia","587","11839","508348602835","Yinchuan","23","China"
"490","1909 Dayton Avenue","","Guangdong","469","88513","702955450528","Shaoguan","23","China"
"491","1789 Saint-Denis Parkway","","Coahuila de Zaragoza","4","8268","936806643983","Acuña","60","Mexico"
"492","185 Mannheim Lane","","Stavropol","408","23661","589377568313","Pjatigorsk","80","Russian Federation"
"493","184 Mandaluyong Street","","Baja California Sur","288","94239","488425406814","La Paz","60","Mexico"
"494","591 Sungai Petani Drive","","Okayama","376","46400","37247325001","Okayama","50","Japan"
"495","656 Matamoros Drive","","Boyac","487","19489","17305839123","Sogamoso","24","Colombia"
"496","775 Šostka Drive","","al-Daqahliya","337","22358","171973024401","Mit Ghamr","29","Egypt"
"497","1013 Tabuk Boulevard","","West Bengali","261","96203","158399646978","Kanchrapara","44","India"
"498","319 Plock Parkway","","Istanbul","504","26101","854259976812","Sultanbeyli","97","Turkey"
"499","1954 Kowloon and New Kowloon Way","","Chimborazo","434","63667","898559280434","Ríobamba","28","Ecuador"
"500","362 Rajkot Lane","","Gansu","47","98030","962020153680","Baiyin","23","China"
"501","1060 Tandil Lane","","Shandong","432","72349","211256301880","Rizhao","23","China"
"502","1515 Korla Way","","England","589","57197","959467760895","York","102","United Kingdom"
"503","1416 San Juan Bautista Tuxtepec Avenue","","Zufar","444","50592","144206758053","Salala","71","Oman"
"504","1 Valle de Santiago Avenue","","Apulia","93","86208","465897838272","Brindisi","49","Italy"
"505","519 Brescia Parkway","","East Java","318","69504","793996678771","Madiun","45","Indonesia"
"506","414 Mandaluyong Street","","Lubelskie","314","16370","52709222667","Lublin","76","Poland"
"507","1197 Sokoto Boulevard","","West Bengali","478","87687","868602816371","Siliguri (Shiliguri)","44","India"
"508","496 Celaya Drive","","Nagano","552","90797","759586584889","Ueda","50","Japan"
"509","786 Matsue Way","","Illinois","245","37469","111177206479","Joliet","103","United States"
"510","48 Maracaíbo Place","","Central Luzon","519","1570","82671830126","Talavera","75","Philippines"
"511","1152 al-Qatif Lane","","Kalimantan Barat","412","44816","131370665218","Pontianak","45","Indonesia"
"512","1269 Ipoh Avenue","","Eskisehir","163","54674","402630109080","Eskisehir","97","Turkey"
"513","758 Korolev Parkway","","Andhra Pradesh","568","75474","441628280920","Vijayawada","44","India"
"514","1747 Rustenburg Place","","Bihar","110","51369","442673923363","Chapra","44","India"
"515","886 Tonghae Place","","Volgograd","259","19450","711928348157","Kamyšin","80","Russian Federation"
"516","1574 Goiânia Boulevard","","Heilongjiang","502","39529","59634255214","Suihua","23","China"
"517","548 Uruapan Street","","Ontario","312","35653","879347453467","London","102","United Kingdom"
"519","962 Tama Loop","","","583","65952","282667506728","Yangor","65","Nauru"
"520","1778 Gijón Manor","","Hubei","594","35156","288910576761","Zaoyang","23","China"
"521","568 Dhule (Dhulia) Loop","","Coquimbo","127","92568","602101369463","Coquimbo","22","Chile"
"522","1768 Udine Loop","","Battambang","60","32347","448876499197","Battambang","18","Cambodia"
"523","608 Birgunj Parkway","","Taipei","116","400","627425618482","Chungho","92","Taiwan"
"524","680 A Coruña (La Coruña) Manor","","Sivas","482","49806","158326114853","Sivas","97","Turkey"
"525","1949 Sanya Street","","Gumma","224","61244","132100972047","Isesaki","50","Japan"
"526","617 Klerksdorp Place","","Khanh Hoa","366","94707","574973479129","Nha Trang","105","Vietnam"
"527","1993 0 Loop","","Liaoning","588","41214","25865528181","Yingkou","23","China"
"528","1176 Southend-on-Sea Manor","","Southern Tagalog","458","81651","236679267178","Santa Rosa","75","Philippines"
"529","600 Purnea (Purnia) Avenue","","Nghe An","571","18043","638409958875","Vinh","105","Vietnam"
"530","1003 Qinhuangdao Street","","West Java","419","25972","35533115997","Purwakarta","45","Indonesia"
"531","1986 Sivas Place","","Friuli-Venezia Giuli","551","95775","182059202712","Udine","49","Italy"
"532","1427 Tabuk Place","","Florida","101","31342","214756839122","Cape Coral","103","United States"
"533","556 Asunción Way","","Mogiljov","339","35364","338244023543","Mogiljov","13","Belarus"
"534","486 Ondo Parkway","","Benguela","67","35202","105882218332","Benguela","4","Angola"
"535","635 Brest Manor","","Andhra Pradesh","75","40899","80593242951","Bhimavaram","44","India"
"536","166 Jinchang Street","","Buenos Aires","165","86760","717566026669","Ezeiza","6","Argentina"
"537","958 Sagamihara Lane","","Mie","287","88408","427274926505","Kuwana","50","Japan"
"538","1817 Livorno Way","","Khanh Hoa","100","79401","478380208348","Cam Ranh","105","Vietnam"
"539","1332 Gaziantep Lane","","Shandong","80","22813","383353187467","Binzhou","23","China"
"540","949 Allende Lane","","Uttar Pradesh","24","67521","122981120653","Amroha","44","India"
"541","195 Ilorin Street","","Chari-Baguirmi","363","49250","8912935608","NDjamna","21","Chad"
"542","193 Bhusawal Place","","Kang-won","539","9750","745267607502","Tonghae","86","South Korea"
"543","43 Vilnius Manor","","Colorado","42","79814","484500282381","Aurora","103","United States"
"544","183 Haiphong Street","","Jilin","46","69953","488600270038","Baicheng","23","China"
"545","163 Augusta-Richmond County Loop","","Carabobo","561","33030","754579047924","Valencia","104","Venezuela"
"546","191 José Azueta Parkway","","Ruse","436","13629","932156667696","Ruse","17","Bulgaria"
"547","379 Lublin Parkway","","Toscana","309","74568","921960450089","Livorno","49","Italy"
"548","1658 Cumaná Loop","","Sumatera Selatan","396","51309","784907335610","Pangkal Pinang","45","Indonesia"
"549","454 Qinhuangdao Drive","","Tadla-Azilal","68","25866","786270036240","Beni-Mellal","62","Morocco"
"550","1715 Okayama Street","","São Paulo","485","55676","169352919175","São Bernardo do Campo","15","Brazil"
"551","182 Nuku´alofa Drive","","Sumy","275","15414","426346224043","Konotop","100","Ukraine"
"552","390 Wroclaw Way","","Hainan","462","5753","357593328658","Sanya","23","China"
"553","1421 Quilmes Lane","","Ishikawa","260","19151","135407755975","Kanazawa","50","Japan"
"554","947 Tórshavn Place","","Central Luzon","528","841","50898428626","Tarlac","75","Philippines"
"555","1764 Jalib al-Shuyukh Parkway","","Galicia","459","77642","84794532510","Santiago de Compostela","87","Spain"
"556","346 Cam Ranh Avenue","","Zhejiang","599","39976","978430786151","Zhoushan","23","China"
"557","1407 Pachuca de Soto Place","","Rio Grande do Sul","21","26284","380077794770","Alvorada","15","Brazil"
"558","904 Clarksville Drive","","Zhejiang","193","52234","955349440539","Haining","23","China"
"559","1917 Kumbakonam Parkway","","Vojvodina","368","11892","698182547686","Novi Sad","108","Yugoslavia"
"560","1447 Imus Place","","Gujarat","426","12905","62127829280","Rajkot","44","India"
"561","1497 Fengshan Drive","","KwaZulu-Natal","112","63022","368738360376","Chatsworth","85","South Africa"
"562","869 Shikarpur Way","","England","496","57380","590764256785","Southport","102","United Kingdom"
"563","1059 Yuncheng Avenue","","Vilna","570","47498","107092893983","Vilnius","56","Lithuania"
"564","505 Madiun Boulevard","","Dolnoslaskie","577","97271","970638808606","Wroclaw","76","Poland"
"565","1741 Hoshiarpur Boulevard","","al-Sharqiya","79","22372","855066328617","Bilbays","29","Egypt"
"566","1229 Varanasi (Benares) Manor","","Buenos Aires","43","40195","817740355461","Avellaneda","6","Argentina"
"567","1894 Boa Vista Way","","Texas","178","77464","239357986667","Garland","103","United States"
"568","1342 Sharja Way","","Sokoto & Kebbi & Zam","488","93655","946114054231","Sokoto","69","Nigeria"
"569","1342 Abha Boulevard","","Bukarest","95","10714","997453607116","Bucuresti","78","Romania"
"570","415 Pune Avenue","","Shandong","580","44274","203202500108","Xintai","23","China"
"571","1746 Faaa Way","","Huánuco","214","32515","863080561151","Huánuco","74","Peru"
"572","539 Hami Way","","Tokat","538","52196","525518075499","Tokat","97","Turkey"
"573","1407 Surakarta Manor","","Moskova","466","33224","324346485054","Serpuhov","80","Russian Federation"
"574","502 Mandi Bahauddin Parkway","","Anzotegui","55","15992","618156722572","Barcelona","104","Venezuela"
"575","1052 Pathankot Avenue","","Sichuan","299","77397","128499386727","Leshan","23","China"
"576","1351 Sousse Lane","","Coahuila de Zaragoza","341","37815","203804046132","Monclova","60","Mexico"
"577","1501 Pangkal Pinang Avenue","","Mazowieckie","409","943","770864062795","Plock","76","Poland"
"578","1405 Hagonoy Avenue","","Slaskie","133","86587","867287719310","Czestochowa","76","Poland"
"579","521 San Juan Bautista Tuxtepec Place","","Qaraghandy","598","95093","844018348565","Zhezqazghan","51","Kazakstan"
"580","923 Tangail Boulevard","","Tokyo-to","10","33384","315528269898","Akishima","50","Japan"
"581","186 Skikda Lane","","Morelos","131","89422","14465669789","Cuernavaca","60","Mexico"
"582","1568 Celaya Parkway","","Kaohsiung","168","34750","278669994384","Fengshan","92","Taiwan"
"583","1489 Kakamigahara Lane","","Taipei","526","98883","29341849811","Tanshui","92","Taiwan"
"584","1819 Alessandria Loop","","Campeche","103","53829","377633994405","Carmen","60","Mexico"
"585","1208 Tama Loop","","Ninawa","344","73605","954786054144","Mosul","47","Iraq"
"586","951 Springs Lane","","Central Mindanao","219","96115","165164761435","Iligan","75","Philippines"
"587","760 Miyakonojo Drive","","Guerrero","246","64682","294449058179","José Azueta","60","Mexico"
"588","966 Asunción Way","","Hidalgo","212","62703","995527378381","Huejutla de Reyes","60","Mexico"
"589","1584 Ljubertsy Lane","","England","494","22954","285710089439","Southampton","102","United Kingdom"
"590","247 Jining Parkway","","Banjul","54","53446","170115379190","Banjul","37","Gambia"
"591","773 Dallas Manor","","Buenos Aires","424","12664","914466027044","Quilmes","6","Argentina"
"592","1923 Stara Zagora Lane","","Nantou","546","95179","182178609211","Tsaotun","92","Taiwan"
"593","1402 Zanzibar Boulevard","","Guanajuato","106","71102","387448063440","Celaya","60","Mexico"
"594","1464 Kursk Parkway","","Shandong","574","17381","338758048786","Weifang","23","China"
"595","1074 Sanaa Parkway","","Loja","311","22474","154124128457","Loja","28","Ecuador"
"596","1759 Niznekamsk Avenue","","al-Manama","14","39414","864392582257","al-Manama","11","Bahrain"
"597","32 Liaocheng Way","","Minas Gerais","248","1944","410877354933","Juiz de Fora","15","Brazil"
"598","42 Fontana Avenue","","Fejr","512","14684","437829801725","Székesfehérvár","43","Hungary"
"599","1895 Zhezqazghan Drive","","California","177","36693","137809746111","Garden Grove","103","United States"
"600","1837 Kaduna Parkway","","Inner Mongolia","241","82580","640843562301","Jining","23","China"
"601","844 Bucuresti Place","","Liaoning","242","36603","935952366111","Jinzhou","23","China"
"602","1101 Bucuresti Boulevard","","West Greece","401","97661","199514580428","Patras","39","Greece"
"603","1103 Quilmes Boulevard","","Piura","503","52137","644021380889","Sullana","74","Peru"
"604","1331 Usak Boulevard","","Vaud","296","61960","145308717464","Lausanne","91","Switzerland"
"605","1325 Fukuyama Street","","Heilongjiang","537","27107","288241215394","Tieli","23","China"
